P.S. 001 THE BERGEN,40.6486873,-74.0112522
M.S. 002,40.6563887,-73.95146179999999
P.S. 095 THE GRAVESEND,40.5957112,-73.9751732
I.S. 096 SETH LOW,40.6080429,-73.984972
P.S. 97 THE HIGHLAWN,40.6012111,-73.9856403
I.S. 98 BAY ACADEMY,40.5837653,-73.954016
P.S. 099 ISAAC ASIMOV,40.6214924,-73.9660062
P.S. 100 THE CONEY ISLAND SCHOOL,40.5775643,-73.970807
P.S. 101 THE VERRAZANO,40.5975347,-73.99191160000001
P.S. 102 THE BAYVIEW,40.6343383,-74.0289227
SATELLITE THREE,40.6843355,-73.96054869999999
P.S./I.S. 104 THE FORT HAMILTON SCHOOL,40.6180248,-74.0285875
P.S. 105 THE BLYTHEBOURNE,40.6332444,-74.0035073
P.S. 106 EDWARD EVERETT HALE,40.693691,-73.9132345
P.S. 107 JOHN W. KIMBALL,40.6630151,-73.9811247
P.S. 108 SAL ABBRACCIAMENTO,40.681272,-73.88434649999999
P.S. 109,40.6360513,-73.9330797
P.S. 110 THE MONITOR,40.7236698,-73.9419847
P.S. 112 LEFFERTS PARK,40.619415,-74.0005724
M.S. 113 RONALD EDMONDS LEARNING CENTER,40.6884318,-73.971169
P.S. 114 RYDER ELEMENTARY,40.6425436,-73.90803040000002
P.S. 115 DANIEL MUCATEL SCHOOL,40.6348511,-73.8978947
P.S. 116 ELIZABETH L FARRELL,40.6980574,-73.91658819999999
P.S. 119 AMERSFORT,40.6260353,-73.9387875
P.S. 120 CARLOS TAPIA,40.7006574,-73.9376928
P.S. 121 NELSON A. ROCKEFELLER,40.6228761,-73.9787743
P.S. 123 SUYDAM,40.7039048,-73.9225744
P.S. 124 SILAS B. DUTCHER,40.6674919,-73.990697
JOHN ERICSSON MIDDLE SCHOOL 126,40.71976919999999,-73.9479681
P.S. 127 MCKINLEY PARK,40.6238069,-74.018575
P.S. 128 BENSONHURST,40.6049942,-73.9951343
P.S. 130 THE PARKSIDE,40.648959,-73.97584789999999
P.S. 131 BROOKLYN,40.6407837,-73.9933473
P.S. 132 THE CONSELYEA SCHOOL,40.7147927,-73.9457079
P.S. K134,40.6322837,-73.9732736
P.S. 135 SHELDON A. BROOKNER,40.6532579,-73.9329753
I.S. 136 CHARLES O. DEWEY,40.6520952,-74.0074244
P.S./I.S. 137 RACHEL JEAN MITCHELL,40.6822466,-73.91669569999999
P.S. 138 BROOKLYN,40.6739449,-73.9513952
P.S. 139 ALEXINE A. FENTY,40.641322,-73.96582880000001
P.S. K140,40.6557633,-73.90668509999999
P.S. K141,40.6563887,-73.95146179999999
P.S. 145 ANDREW JACKSON,40.7014459,-73.9323011
P.S. 146,40.67943229999999,-74.0019427
P.S. 147 ISSAC REMSEN,40.7050231,-73.9387071
P.S. 149 DANNY KAYE,40.6693524,-73.89276029999999
P.S. 150 CHRISTOPHER,40.66863499999999,-73.9050857
P.S. 151 LYNDON B. JOHNSON,40.6933707,-73.9082333
SCHOOL OF SCIENCE & TECHNOLOGY,40.63270869999999,-73.9545697
P.S. 153 HOMECREST,40.6011737,-73.96003139999999
MAGNET SCHOOL FOR SCIENCE & TECHNOLOGY,40.6571194,-73.97604799999999
P.S./ I.S. 155 NICHOLAS HERKIMER,40.6776416,-73.9086945
P.S. 156 WAVERLY,40.6652972,-73.9178843
P.S. 157 BENJAMIN FRANKLIN,40.6953971,-73.96000529999999
P.S. 158 WARWICK,40.6725882,-73.8851972
P.S. 159 ISAAC PITKIN,40.676117,-73.869676
P.S. 161 THE CROWN,40.6659051,-73.94920019999999
J.H.S. 162 THE WILLOUGHBY,40.7068713,-73.9200201
P.S. 164 CAESAR RODNEY,40.6371733,-73.985845
P.S. 165 IDA POSNER,40.6571963,-73.9109443
J.H.S. 166 GEORGE GERSHWIN,40.6596371,-73.8855967
P.S. 167 THE PARKWAY,40.6695138,-73.93432849999999
P.S. 169 SUNSET PARK,40.6458141,-74.00170200000001
P.S. 170 LEXINGTON,40.63037,-74.01870699999999
I.S. 171 ABRAHAM LINCOLN,40.685841,-73.869429
P.S. 172 BEACON SCHOOL OF EXCELLENCE,40.6575977,-74.0000943
P.S. 174 DUMONT,40.6655567,-73.8976406
P.S. 176 OVINGTON,40.6247586,-74.00507379999999
P.S. 177 THE MARLBORO,40.6084307,-73.9744123
P.S. 178 SAINT CLAIR MCKELWAY,40.6752336,-73.91530639999999
P.S. 179 KENSINGTON,40.6402201,-73.97726709999999
P.S. 180 HOMEWOOD,40.6265896,-73.9894638
P.S. 181 BROOKLYN,40.6480901,-73.9459114
P.S. 184 NEWPORT,40.66022840000001,-73.9049467
P.S. 185 WALTER KASSENBROCK,40.6236345,-74.0334917
P.S. 186 DR. IRVING A GLADSTONE,40.61110619999999,-73.99459259999999
I.S. 187,40.6278465,-74.0040034
P.S. 188 MICHAEL E. BERDY,40.5767764,-74.0005389
P.S. 189 LINCOLN TERRACE,40.6654464,-73.92568059999999
P.S. 190 SHEFFIELD,40.662265,-73.89474899999999
P.S. 191 PAUL ROBESON,40.6718115,-73.92419620000001
P.S. 192 BROOKLYN,40.62898879999999,-73.97986240000002
P.S. 193 GIL HODGES,40.6218516,-73.9502828
P.S. 194 RAOUL WALLENBERG,40.5974043,-73.9340849
P.S. 195 MANHATTAN BEACH,40.580244,-73.9435918
P.S. 196 TEN EYCK,40.7087808,-73.9395289
P.S. 197 BROOKLYN,40.6125713,-73.9515546
P.S. 198 BROOKLYN,40.6369655,-73.93700919999999
P.S. 199 FREDERICK WACHTEL,40.6165667,-73.9631339
P.S. 200 BENSON SCHOOL,40.6029022,-74.0018256
J.H.S. 201 THE DYKER HEIGHTS,40.6187449,-74.0133105
P.S. 202 ERNEST S. JENKYNS,40.6662563,-73.8764047
P.S. 203 FLOYD BENNETT,40.621911,-73.9257232
P.S. 204 VINCE LOMBARDI,40.6136795,-74.0063557
P.S. 205 CLARION,40.6148257,-73.98699859999999
P.S. 206 JOSEPH F LAMB,40.5971351,-73.948515
P.S. 207 ELIZABETH G. LEARY,40.613779,-73.9303039
P.S. 208 ELSA EBELING,40.642701,-73.9309
P.S. 209 MARGARET MEAD,40.5867695,-73.96147839999999
I.S. 211 JOHN WILSON,40.6431634,-73.8956577
P.S. 212 LADY DEBORAH MOODY,40.5874946,-73.9856106
P.S. 213 NEW LOTS,40.6600483,-73.89021939999999
P.S. 214 MICHAEL FRIEDSAM,40.6763238,-73.8630617
P.S.  215  MORRIS H.  WEISS,40.6024654,-73.9700719
P.S. 216 ARTURO TOSCANINI,40.5901813,-73.96966130000001
P.S. 217 COLONEL DAVID MARCUS SCHOOL,40.633626,-73.9662726
J.H.S. 218 JAMES P. SINNOTT,40.6700636,-73.8745557
P.S. 219 KENNEDY-KING,40.6589959,-73.9224849
J.H.S. 220 JOHN J. PERSHING,40.6407727,-74.0008075
P.S. 221 TOUSSAINT L'OUVERTURE,40.6639361,-73.9360597
P.S. 222 KATHERINE R. SNYDER,40.613814,-73.9389991
J.H.S. 223 THE MONTAUK,40.6349582,-73.9814526
P.S. 224 HALE A. WOODRUFF,40.6646803,-73.8658509
P.S. K225 - THE EILEEN E. ZAGLIN,40.57980999999999,-73.9560103
P.S. 226 ALFRED DE B.MASON,40.615326,-73.9769444
J.H.S. 227 EDWARD B. SHALLOW,40.6218446,-73.9955288
I.S. 228 DAVID A. BOODY,40.6008156,-73.97683789999999
P.S. 229 DYKER,40.6105773,-74.0133005
P.S. 230 DORIS L. COHEN,40.6453183,-73.9802923
P.S. K231,40.6265896,-73.9894638
P.S. 233 LANGSTON HUGHES,40.6514078,-73.9140211
J.H.S. 234 ARTHUR W. CUNNINGHAM,40.60443739999999,-73.9551709
P.S. 235 LENOX,40.655042,-73.9406764
P.S. 236 MILL BASIN,40.6157564,-73.9123755
P.S. 238 ANNE SULLIVAN,40.60878719999999,-73.9645872
MARK TWAIN I.S. 239 FOR THE GIFTED & TALENTED,40.5786601,-73.9923915
ANDRIES HUDDE,40.6237984,-73.94682399999999
P.S. 241 EMMA L. JOHNSTON,40.6688839,-73.9605414
P.S. 243 WEEKSVILLE,40.6757324,-73.9350819
P.S. 244 RICHARD R. GREEN,40.6479176,-73.9256023
P.S. 245,40.6448375,-73.962837
M.S. 246 WALT WHITMAN,40.64836469999999,-73.9534334
P.S. 247 BROOKLYN,40.6122494,-73.9872188
P.S. 249 THE CATON,40.6495549,-73.966506
P.S. 250 GEORGE H. LINDSAY,40.7067404,-73.94566429999999
P.S. 251 PAEDERGAT,40.6313307,-73.9238402
P.S. 253,40.5800844,-73.9619463
P.S. 254 DAG HAMMARSKJOLD,40.5909008,-73.9514896
P.S. 255 BARBARA REING SCHOOL,40.6044665,-73.9560036
P.S. 256 BENJAMIN BANNEKER,40.6904818,-73.94971009999999
P.S. 257 JOHN F. HYLAN,40.7028051,-73.9414858
J.H.S. 259 WILLIAM MCKINLEY,40.6264814,-74.0149914
P.S. 260 BREUCKELEN,40.6540103,-73.894627
P.S. 261 PHILIP LIVINGSTON,40.6871212,-73.9883653
P.S. 262 EL HAJJ MALIK EL SHABAZZ ELEMENTARY SCHOO,40.68305489999999,-73.92995909999999
DR. SUSAN S. MCKINNEY SECONDARY SCHOOL OF THE ARTS,40.6970123,-73.9760443
M.S. K266 - PARK PLACE COMMUNITY MIDDLE SCHOOL,40.67871299999999,-73.9768163
"M.S. 267 MATH, SCIENCE & TECHNOLOGY",40.6879384,-73.932378
P.S. 268 EMMA LAZARUS,40.6573244,-73.92755799999999
P.S. 269 NOSTRAND,40.6376173,-73.9476627
P.S. 270 JOHANN DEKALB,40.6896262,-73.9610938
P.S. 272 CURTIS ESTABROOK,40.63642,-73.88551319999999
P.S. 273 WORTMAN,40.6578674,-73.8792887
P.S. 274 KOSCIUSKO,40.694456,-73.92797829999999
P.S. 276 LOUIS MARSHALL,40.6339548,-73.9082542
P.S. 277 GERRITSEN BEACH,40.5958779,-73.9279629
J.H.S. 278 MARINE PARK,40.6066703,-73.9387156
P.S. 279 HERMAN SCHREIBER,40.6440444,-73.8927372
I.S. 281 JOSEPH B CAVALLARO,40.5944454,-73.9938189
P.S. 282 PARK SLOPE,40.676626,-73.9777835
P.S. 284 LEW WALLACE,40.6669338,-73.9076104
I.S. 285 MEYER LEVIN,40.6474432,-73.92077479999999
P.S. 287 BAILEY K. ASHFORD,40.6978606,-73.9810466
P.S. 288 THE SHIRLEY TANYHILL,40.5742699,-73.9924766
P.S. 289 GEORGE V. BROWER,40.6742397,-73.9423996
P.S. 290 JUAN MOREL CAMPOS,40.6779316,-73.8897626
J.H.S. 291 ROLAND HAYES,40.69564769999999,-73.9154057
J.H.S. 292 MARGARET S. DOUGLAS,40.671887,-73.893453
P.S. 295,40.6609691,-73.98901819999999
J.H.S. 296 THE HALSEY,40.6889221,-73.9103296
P.S. 297 ABRAHAM STOCKTON,40.6974361,-73.94785399999999
P.S. 298 DR. BETTY SHABAZZ,40.671012,-73.9077404
P.S. 299 THOMAS WARREN FIELD,40.6909968,-73.9178498
SATELLITE EAST MIDDLE SCHOOL,40.6859446,-73.94530329999999
J.H.S. 302 RAFAEL CORDERO,40.6769819,-73.8838383
I.S. 303 HERBERT S. EISENBERG,40.5824103,-73.9724355
P.S. 305 DR. PETER RAY,40.6859446,-73.94530329999999
P.S. 306 ETHAN ALLEN,40.6552607,-73.88633449999999
P.S. 307 DANIEL HALE WILLIAMS,40.7017809,-73.98158699999999
P.S. 308 CLARA CARDWELL,40.6884471,-73.9352955
P.S. 309 GEORGE E. WIBECAN,40.6881193,-73.9244409
ESSENCE SCHOOL,40.662265,-73.89474899999999
P.S. 312 BERGEN BEACH,40.6220316,-73.9090726
SATELLITE WEST MIDDLE SCHOOL,40.7017809,-73.98158699999999
P.S. K315,40.632619,-73.95426300000001
P.S. 316 ELIJAH STROUD,40.6745505,-73.9608666
I.S. 318 EUGENIO MARIA DE HOSTOS,40.7032152,-73.9485032
P.S. 319,40.7096257,-73.953893
P.S. 321 WILLIAM PENN,40.6716692,-73.9783396
FOUNDATIONS ACADEMY,40.69672569999999,-73.9473094
P.S./I.S. 323,40.6662469,-73.9112701
P.S. 326,40.6284004,-73.9281562
P.S. 327 DR. ROSE B. ENGLISH,40.6679799,-73.9120847
P.S. 328 PHYLLIS WHEATLEY,40.6678169,-73.898173
P.S. 329 SURFSIDE,40.5748389,-73.9958066
URBAN ASSEMBLY SCHOOL FOR THE URBAN ENVIRONMENT,40.69672569999999,-73.9473094
P.S. 332 CHARLES H. HOUSTON,40.6723332,-73.9062254
MIDDLE SCHOOL FOR ACADEMIC AND SOCIAL EXCELLENCE,40.672272,-73.9371639
P.S. 335 GRANVILLE T. WOODS,40.6744635,-73.9283815
ACADEMY OF BUSINESS AND COMMUNITY DEVELOPMENT,40.6818962,-73.9456107
I.S. 340,40.6762703,-73.9697221
RACHEL CARSON HIGH SCHOOL FOR COASTAL STUDIES,40.58270270000001,-73.9723072
P.S. 345 PATROLMAN ROBERT BOLDEN,40.6761876,-73.8798861
P.S. 346 ABE STARK,40.6467447,-73.881849
I.S. 347 SCHOOL OF HUMANITIES,40.7008178,-73.9275874
HIGH SCHOOL OF SPORTS MANAGEMENT,40.5936235,-73.9861442
"I.S. 349 MATH, SCIENCE & TECH.",40.7008178,-73.9275874
"URBAN ASSEMBLY SCHOOL OF MUSIC AND ART, THE",40.6973504,-73.9845347
EBBETS FIELD MIDDLE SCHOOL,40.6648781,-73.9595224
ELIJAH STROUD MIDDLE SCHOOL,40.6745505,-73.9608666
THE SCHOOL OF INTEGRATED LEARNING,40.672272,-73.9371639
WILLIAMSBURG COLLEGIATE CHARTER SCHOOL,40.70591510000001,-73.9620676
ACHIEVEMENT FIRST- CROWN HEIGHTS CHARTER SCHOOL,40.66208659999999,-73.9364584
KIPP AMP (ALWAYS MENTALLY PREPARED) CHARTER SCHOOL,40.672272,-73.9371639
ACHIEVEMENT FIRST EAST NEW YORK SCHOOL,40.663549,-73.893709
THE UFT CHARTER SCHOOL,40.6714439,-73.8929276
P.S. 361,40.6407488,-73.947079
HELLENIC CLASSICAL CHARTER SCHOOL,40.6629625,-73.99210570000001
I.S. 364 GATEWAY,40.6464708,-73.88113179999999
P.S. 368,40.69672569999999,-73.9473094
P.S. K369  - COY L. COX SCHOOL,40.68734329999999,-73.9832644
P.S. 370,40.5776747,-73.9698657
P.S. 371 - LILLIAN L. RASHKIS,40.6541722,-74.0053269
P.S. 372 -THE CHILDREN'S SCHOOL,40.67651960000001,-73.9854946
P.S. 373 - BROOKLYN TRANSITION CENTER,40.699216,-73.9452153
P.S. 375 JACKIE-ROBINSON SCHOOL,40.6648781,-73.9595224
P.S. 376,40.698048,-73.92016600000001
P.S. 377 ALEJANDRINA B. DE GAUTIER,40.6938167,-73.9148786
P.S. 380 JOHN WAYNE ELEMENTARY,40.7018942,-73.9534592
I. S. 381,40.6125713,-73.9515546
ACADEMY FOR COLLEGE PREPARATION AND CAREER EXPLORATION,40.6495876,-73.9571761
J.H.S. 383 PHILLIPPA SCHUYLER,40.6976382,-73.91953389999999
P.S. /I.S. 384 FRANCES E. CARTER,40.68977,-73.9048317
"SCHOOL OF BUSINESS, FINANCE AND ENTREPRENEURSHIP",40.6913962,-73.9331397
I.S. 392,40.6652972,-73.9178843
FREDERICK DOUGLASS ACADEMY IV SECONDARY SCHOOL,40.6919312,-73.93176989999999
M.S. K394,40.672706,-73.9289299
P.S. K396,40.6679599,-73.9117337
P.S. 397 FOSTER-LAURIE,40.6587334,-73.9463837
P.S. 398 WALTER WEAVER,40.6639656,-73.92785769999999
P.S. 399 STANLEY EUGENE CLARK,40.6482474,-73.9517783
ACADEMY FOR ENVIRONMENTAL LEADERSHIP,40.6968124,-73.9117231
ACADEMY FOR YOUNG WRITERS,40.7118634,-73.96004889999999
MIDWOOD HIGH SCHOOL,40.632833,-73.9523773
ACADEMY OF  HOSPITALITY AND TOURISM,40.6495876,-73.9571761
EAST NEW YORK FAMILY ACADEMY,40.6612079,-73.88677950000002
ABRAHAM LINCOLN HIGH SCHOOL,40.5823822,-73.9682211
"BROOKLYN COMMUNITY HIGH SCHOOL OF COMMUNICATION, A",40.691991,-73.9583083
"SCIENCE SKILLS CENTER HIGH SCHOOL FOR SCIENCE, TEC",40.6973504,-73.9845347
FRANKLIN K. LANE HIGH SCHOOL,40.69300519999999,-73.8690682
JAMES MADISON HIGH SCHOOL,40.6099056,-73.9482591
BROOKLYN SCHOOL FOR GLOBAL STUDIES,40.685159,-73.9936336
BROOKLYN TECHNICAL HIGH SCHOOL,40.6889345,-73.9764419
BROOKLYN INTERNATIONAL HIGH SCHOOL,40.6973504,-73.9845347
NEW HORIZONS SCHOOL,40.6804309,-73.99170409999999
NEW VOICES SCHOOL OF ACADEMIC & CREATIVE ARTS,40.6609691,-73.98901819999999
NEW UTRECHT HIGH SCHOOL,40.6130317,-74.00215759999999
THE MATH & SCIENCE EXPLORATORY SCHOOL,40.6838346,-73.98035519999999
BROOKLYN SECONDARY SCHOOL FOR COLLABORATIVE  STUDI,40.67943229999999,-74.0019427
"BROOKLYN LATIN SCHOOL, THE",40.7050231,-73.9387071
FREDERICK DOUGLASS ACADEMY VIII MIDDLE SCHOOL,40.6467447,-73.881849
GREEN SCHOOL: AN ACADEMY FOR ENVIRONMENTAL CAREERS,40.7097646,-73.94451889999999
BOYS AND GIRLS HIGH SCHOOL,40.67892270000001,-73.9316585
SECONDARY SCHOOL FOR LAW,40.6693022,-73.97867029999999
SECONDARY SCHOOL FOR JOURNALISM,40.6693022,-73.97867029999999
Park Slope Collegiate,40.6693022,-73.97867029999999
KINGSBOROUGH EARLY COLLEGE SCHOOL,40.5936235,-73.9861442
WILLIAMSBURG CHARTER HIGH SCHOOL,40.7035099,-73.9358033
PROGRESS HIGH SCHOOL FOR PROFESSIONAL CAREERS,40.7118806,-73.94033809999999
SCHOOL FOR LEGAL STUDIES,40.7118806,-73.94033809999999
"ENTERPRISE, BUSINESS AND  TECHNOLOGY HIGH SCHOOL",40.7118806,-73.94033809999999
"URBAN ASSEMBLY SCHOOL FOR LAW AND JUSTICE, THE",40.6946392,-73.9883072
RONALD EDMONDS LEARNING CENTER II,40.6731183,-73.920067
HIGH SCHOOL OF  TELECOMMUNICATION ARTS AND TECHNOL,40.6368485,-74.0231804
BROOKLYN PREPARATORY HIGH SCHOOL,40.7156299,-73.9550136
W.E.B. DUBOIS ACADEMIC HIGH SCHOOL,40.6695182,-73.9552791
FORT HAMILTON HIGH SCHOOL,40.6271654,-74.03933839999999
URBAN ASSEMBLY ACADEMY OF ARTS AND LETTERS,40.691059,-73.9710157
BROOKLYN COLLEGIATE: A COLLEGE BOARD SCHOOL,40.67449329999999,-73.9132463
SHEEPSHEAD BAY HIGH SCHOOL,40.5934398,-73.93678249999999
SCHOOL FOR INTERNATIONAL STUDIES,40.685159,-73.9936336
BROOKLYN HIGH SCHOOL FOR LAW AND TECHNOLOGY,40.6884879,-73.9208111
ACORN COMMUNITY HIGH SCHOOL,40.6786048,-73.9617567
FDNY HIGH SCHOOL FOR FIRE AND LIFE SAFETY,40.6676011,-73.8947918
PS 503: THE SCHOOL OF DISCOVERY,40.641937,-74.019313
HIGH SCHOOL FOR CIVIL RIGHTS,40.6676011,-73.8947918
FRANKLIN DELANO ROOSEVELT HIGH SCHOOL,40.6213242,-73.9825025
P.S. 506: SCHOOL OF JOURNALISM & TECHNOLOGY,40.641937,-74.019313
PERFORMING ARTS AND TECHNOLOGY HIGH SCHOOL,40.6676011,-73.8947918
ACHIEVEMENT FIRST ENDEAVOR CHARTER SCHOOL,40.682396,-73.965924
FREEDOM ACADEMY HIGH SCHOOL,40.6984824,-73.9868056
WORLD ACADEMY FOR TOTAL COMMUNITY HEALTH HIGH SCHO,40.6676011,-73.8947918
FREDERICK DOUGLASS ACADEMY VII HIGH SCHOOL,40.6655301,-73.9120609
LEADERSHIP PREP CHARTER SCHOOL,40.6818962,-73.9456107
KAPPA V,40.6557633,-73.90668509999999
COBBLE HILL SCHOOL OF AMERICAN STUDIES,40.684876,-73.9908836
PACIFIC HIGH SCHOOL,40.6899893,-73.9892204
MOTT HALL IV,40.678113,-73.91521089999999
INTERNATIONAL HIGH SCHOOL AT PROSPECT HEIGHTS,40.6699445,-73.9609004
EDWARD R. MURROW HIGH SCHOOL,40.6197493,-73.959165
URBAN ASSEMBLY INSTITUTE OF MATH AND SCIENCE FOR Y,40.6946392,-73.9883072
"HIGH SCHOOL FOR GLOBAL CITIZENSHIP, THE",40.6699445,-73.9609004
WEST BROOKLYN COMMUNITY HIGH SCHOOL,40.6428159,-73.9925243
METROPOLITAN CORPORATE ACADEMY HIGH SCHOOL,40.6863861,-73.9797253
"SCHOOL FOR HUMAN RIGHTS, THE",40.658665,-73.943838
SCHOOL FOR DEMOCRACY AND  LEADERSHIP,40.658665,-73.943838
UPPER SCHOOL @ P.S. 25,40.6914765,-73.940691
LEON M. GOLDSTEIN HIGH SCHOOL FOR THE SCIENCES,40.5807237,-73.93502099999999
COMMUNITY ROOTS CHARTER SCHOOL,40.6951434,-73.9778888
HIGH SCHOOL FOR YOUTH AND COMMUNITY DEVELOPMENT AT,40.6495876,-73.9571761
HIGH SCHOOL FOR SERVICE & LEARNING AT ERASMUS,40.6495876,-73.9571761
JOHN DEWEY HIGH SCHOOL,40.5876721,-73.9814689
"SCIENCE, TECHNOLOGY AND RESEARCH EARLY COLLEGE HIG",40.6495876,-73.9571761
INTERNATIONAL ARTS BUSINESS SCHOOL,40.658665,-73.943838
EBC HIGH SCHOOL FOR PUBLIC SERVICE–BUSHWICK,40.6947103,-73.9293003
HIGH SCHOOL FOR PUBLIC SERVICE: HEROES  OF TOMORRO,40.658665,-73.943838
BROOKLYN ACADEMY OF SCIENCE AND THE  ENVIRONMENT,40.6699445,-73.9609004
BROOKLYN SCHOOL FOR MUSIC & THEATRE,40.6699445,-73.9609004
BUSHWICK SCHOOL FOR SOCIAL JUSTICE,40.6968124,-73.9117231
ACADEMY OF URBAN PLANNING,40.6968124,-73.9117231
BROOKLYN ACADEMY HIGH SCHOOL,40.6846109,-73.94788969999999
ALL CITY LEADERSHIP SECONDARY SCHOOL,40.6974959,-73.9140211
BROOKLYN COLLEGE ACADEMY,40.630942,-73.95058209999999
BUSHWICK LEADERS HIGH SCHOOL FOR ACADEMIC EXCELLEN,40.6953801,-73.92752109999999
WILLIAMSBURG HIGH SCHOOL FOR ARCHITECTURE AND DESI,40.7156299,-73.9550136
LIFE ACADEMY HIGH SCHOOL FOR FILM AND MUSIC,40.5936235,-73.9861442
WILLIAMSBURG PREPARATORY SCHOOL,40.7156299,-73.9550136
IT TAKES A VILLAGE ACADEMY,40.6480566,-73.9222341
BUSHWICK COMMUNITY HIGH SCHOOL,40.69564769999999,-73.9154057
BROOKLYN GENERATION SCHOOL,40.6337001,-73.9174886
BROOKLYN THEATRE ARTS HIGH SCHOOL,40.6337001,-73.9174886
BROWNSVILLE ACADEMY HIGH SCHOOL,40.6662148,-73.9238747
KURT HAHN EXPEDITIONARY LEARNING SCHOOL,40.6480566,-73.9222341
M.S. 571,40.6785844,-73.9663398
EXPEDITIONARY LEARNING SCHOOL FOR COMMUNITY LEADER,40.5936235,-73.9861442
BEDFORD STUYVESANT PREPARATORY HIGH SCHOOL,40.6846109,-73.94788969999999
VICTORY COLLEGIATE HIGH SCHOOL,40.6337001,-73.9174886
CONSELYEA PREPARATORY SCHOOL,40.7152742,-73.95705699999999
BROOKLYN BRIDGE ACADEMY,40.6337001,-73.9174886
EAST FLATBUSH COMMUNITY RESEARCH SCHOOL,40.6586846,-73.9286824
M.S. 582,40.7087808,-73.9395289
MULTICULTURAL HIGH SCHOOL,40.69300519999999,-73.8690682
M.S. 584,40.6744635,-73.9283815
LYONS COMMUNITY SCHOOL,40.7097646,-73.94451889999999
MIDDLE SCHOOL FOR THE ARTS,40.66208659999999,-73.9364584
MIDDLE SCHOOL FOR ART AND PHILOSOPHY,40.6578498,-73.9200323
ARTS & MEDIA PREPARATORY ACADEMY,40.6586846,-73.9286824
MEDGAR EVERS COLLEGE PREPARATORY SCHOOL,40.667,-73.95101360000001
KHALIL GIBRAN INTERNATIONAL ACADEMY,40.6978606,-73.9810466
EXCELLENCE CHARTER SCHOOL OF BEDFORD STUYVESANT,40.683424,-73.92585199999999
GOTHAM PROFESSIONAL ARTS ACADEMY,40.6802016,-73.9214653
BEDFORD ACADEMY HIGH SCHOOL,40.6854925,-73.9540418
KNOWLEDGE AND POWER PREPARATORY ACADEMY VII MIDDLE,40.691991,-73.9583083
MIDDLE SCHOOL OF MARKETING AND LEGAL STUDIES,40.6586846,-73.9286824
CLARA BARTON HIGH SCHOOL,40.6690793,-73.9614012
KINGS COLLEGIATE CHARTER SCHOOL,40.6578498,-73.9200323
URBAN ASSEMBLY SCHOOL FOR CRIMINAL JUSTICE,40.6349582,-73.9814526
AUTOMOTIVE HIGH SCHOOL,40.7222582,-73.9535961
YOUNG WOMEN'S LEADERSHIP SCHOOL OF BROOKLYN,40.7097646,-73.94451889999999
TRANSIT TECH CAREER AND TECHNICAL EDUCATION HIGH S,40.6788153,-73.8753605
BROOKLYN HIGH SCHOOL FOR LEADERSHIP AND COMMUNITY,40.691991,-73.9583083
HIGH SCHOOL FOR INNOVATION IN ADVERTISING AND MEDI,40.640423,-73.8984517
ACADEMY OF INNOVATIVE TECHNOLOGY,40.69300519999999,-73.8690682
WILLIAM E. GRADY CAREER AND TECHNICAL EDUCATION HI,40.58332559999999,-73.9636743
PAUL ROBESON HIGH SCHOOL,40.6753807,-73.939165
ACHIEVEMENT FIRST BROWNSVILLE CHARTER SCHOOL,40.67449329999999,-73.9132463
BRIGHTER CHOICE COMMUNITY SCHOOL,40.6937607,-73.9407315
BROOKLYN BROWNSTONE SCHOOL,40.6817075,-73.9357224
CULTURAL ACADEMY FOR THE ARTS AND SCIENCES,40.6480566,-73.9222341
GENERAL D. CHAPPIE JAMES ELEMENTARY SCHOOL OF SCIE,40.65996980000001,-73.9136157
FRANCES PERKINS ACADEMY,40.7222582,-73.9535961
HIGH SCHOOL FOR MEDICAL PROFESSIONS,40.640423,-73.8984517
GENERAL D. CHAPPIE JAMES MIDDLE SCHOOL OF SCIENCE,40.65996980000001,-73.9136157
OLYMPUS ACADEMY,40.6457223,-73.89874089999999
YOUNG SCHOLARS' ACADEMY FOR DISCOVERY AND EXPLORAT,40.6937607,-73.9407315
ACADEMY FOR CONSERVATION AND THE ENVIRONMENT,40.6337001,-73.9174886
BROOKLYN LAB SCHOOL,40.69300519999999,-73.8690682
URBAN ACTION ACADEMY,40.640423,-73.8984517
BROOKLYN DEMOCRACY ACADEMY,40.6557633,-73.90668509999999
EAGLE ACADEMY FOR YOUNG MEN II,40.678113,-73.91521089999999
ASPIRATIONS DIPLOMA PLUS HIGH SCHOOL,40.6775666,-73.9040643
METROPOLITAN DIPLOMA PLUS HIGH SCHOOL,40.6557633,-73.90668509999999
COLLEGIATE CHARTER SCHOOL,40.6879384,-73.932378
LA CIMA CHARTER SCHOOL,40.6879384,-73.932378
PAVE ACADEMY CHARTER SCHOOL,40.677069,-74.0118509
BROOKLYN HIGH SCHOOL OF THE ARTS,40.6838346,-73.98035519999999
CYPRESS HILLS COLLEGIATE PREPARATORY SCHOOL,40.69300519999999,-73.8690682
W. H. MAXWELL CAREER AND TECHNICAL EDUCATION HIGH,40.6739267,-73.8963734
BENJAMIN BANNEKER ACADEMY,40.69545979999999,-73.9687375
EL PUENTE ACADEMY FOR PEACE AND JUSTICE,40.7056403,-73.9555862
BROOKLYN STUDIO SECONDARY SCHOOL,40.6048465,-73.9947464
TEACHERS PREPARATORY HIGH SCHOOL,40.6655301,-73.9120609
SOUTH BROOKLYN COMMUNITY HIGH SCHOOL,40.6778096,-74.01413269999999
BROOKLYN CHARTER SCHOOL,40.6941556,-73.9477904
COMMUNITY PARTNERSHIP CHARTER,40.6896262,-73.9610938
BEGINNING WITH CHILDREN CHARTER SCHOOL,40.7002617,-73.9481833
EXPLORE CHARTER SCHOOL,40.6563887,-73.95146179999999
P.S. K721 - BROOKLYN OCCUPATIONAL TRAINING CENTER,40.589085,-73.98128489999999
LIBERATION DIPLOMA PLUS,40.5771391,-73.9856484
BROOKLYN EXCELSIOR CHARTER,40.6897195,-73.9250191
P.S. K753 - SCHOOL FOR CAREER DEVELOPMENT,40.6825734,-73.96926789999999
ADULT AND CONTINUING EDUCATION,40.6814302,-73.949375
P.S. K771,40.57980999999999,-73.9560103
P.S. K811 CONNIE LEKAS SCHOOL,40.5911934,-73.93871899999999
SUNSET PARK PREP,40.6520952,-74.0074244
P.S. 001 ALFRED E. SMITH,40.7125614,-73.9974738
P.S. 002 MEYER LONDON,40.7129433,-73.9915573
P.S. 003 CHARRETTE SCHOOL,40.7326315,-74.0059466
P.S. 004 DUKE ELLINGTON,40.8348474,-73.9412036
P.S. 005 ELLEN LURIE,40.8589195,-73.9224277
P.S. 006 LILLIE D. BLAKE,40.777703,-73.9604282
P.S. 007 SAMUEL STERN,40.8006309,-73.9393226
P.S. 008 LUIS BELLIARD,40.8393844,-73.93678349999999
P.S. 009 SARAH ANDERSON,40.785101,-73.9738667
P.S. 011 WILLIAM T. HARRIS,40.7445487,-74.0007372
TAG YOUNG SCHOLARS,40.7925899,-73.9421187
J.H.S. 013 JACKIE ROBINSON,40.793747,-73.9485723
P.S. 015 ROBERTO CLEMENTE,40.7218342,-73.9787655
P.S. 018 PARK TERRACE,40.8716464,-73.91161819999999
P.S. 019 ASHER LEVY,40.7298924,-73.9842311
P.S. 020 ANNA SILVER,40.7212739,-73.98631519999999
P.S. 028 WRIGHT BROTHERS,40.8316548,-73.9420791
P.S. 033 CHELSEA PREP,40.7489449,-74.0002433
P.S. 034 FRANKLIN D. ROOSEVELT,40.7261465,-73.9750432
P.S. 035,40.7640485,-73.985947
P.S. 036 MARGARET DOUGLAS,40.810705,-73.957404
RIVER EAST ELEMENTARY,40.7969061,-73.9299784
P.S. 38 ROBERTO CLEMENTE,40.7886837,-73.9447655
P.S. 040 AUGUSTUS SAINT-GAUDENS,40.735118,-73.9816969
P.S. 041 GREENWICH VILLAGE,40.7355263,-73.9991134
P.S. 042 BENJAMIN ALTMAN,40.716136,-73.9908411
J.H.S. M045 JOHN S. ROBERTS,40.7993154,-73.9339517
P.S. 046 ARTHUR TAPPAN,40.8314958,-73.93615439999999
47 THE AMERICAN SIGN LANGUAGE AND ENGLISH DUAL LAN,40.73862099999999,-73.9815344
P.S. 048 P.O. MICHAEL J. BUCZEK,40.8534247,-73.93360229999999
P.S. 050 VITO MARCANTONIO,40.78586809999999,-73.9405871
P.S. 051 ELIAS HOWE,40.7805796,-73.94791010000002
J.H.S. 052 INWOOD,40.8659143,-73.925157
J.H.S. 054 BOOKER T. WASHINGTON,40.8005115,-73.962802
JAMES WELDON JOHNSON,40.7971563,-73.9412854
P.S. 059 BEEKMAN HILL INTERNATIONAL,40.7638764,-73.9638694
P.S. 063 WILLIAM MCKINLEY,40.7244039,-73.9863598
P.S. 064 ROBERT SIMON,40.72374689999999,-73.9816019
P.S. 072,40.7914507,-73.9474485
P.S. 075 EMILY DICKINSON,40.7951104,-73.9739883
P.S. 076 A. PHILIP RANDOLPH,40.8065406,-73.95136839999999
P.S. 77 LOWER LAB SCHOOL,40.7850142,-73.9500312
P.S. M079 - HORAN SCHOOL,40.80250880000001,-73.94237050000001
P.S. 083 LUIS MUNOZ RIVERA,40.7931298,-73.9418125
P.S. 084 LILLIAN WEBER,40.7893822,-73.9680996
P.S. 087 WILLIAM SHERMAN,40.781788,-73.9780085
P.S. 89,40.7168673,-74.01362259999999
P.S. 092 MARY MCLEOD BETHUNE,40.814949,-73.94580789999999
P.S. M094,40.7198704,-73.9773763
P.S. 096 JOSEPH LANZETTA,40.799987,-73.9373878
P.S. 098 SHORAC KAPPOCK,40.8678226,-73.917818
P.S. 102 JACQUES CARTIER,40.7949503,-73.9382952
J.H.S. 104 SIMON BARUCH,40.7358955,-73.9804238
P.S. 108 ASSEMBLYMAN ANGELO DEL TORO EDUCATIONAL C,40.7950348,-73.9478723
P.S. 110 FLORENCE NIGHTINGALE,40.7156819,-73.980059
P.S. 111 ADOLPH S. OCHS,40.7658339,-73.9896022
P.S. 112 JOSE CELSO BARBOSA,40.7964942,-73.9300386
P.S. 115 ALEXANDER HUMBOLDT,40.84613359999999,-73.9351439
P.S. 116 MARY LINDLEY MURRAY,40.744425,-73.9776339
P.S. 123 MAHALIA JACKSON,40.820192,-73.9444568
P.S. 124 YUNG WING,40.7144262,-73.9955257
P.S. 125 RALPH BUNCHE,40.8106401,-73.9558474
P.S. 126 JACOB AUGUST RIIS,40.7104484,-73.9970012
P.S. 128 AUDUBON,40.8410469,-73.9387515
P.S. 129 JOHN H. FINLEY,40.8149807,-73.9521208
P.S. 130 HERNANDO DE SOTO,40.7188194,-73.9982635
M.S. 131,40.7162131,-73.9935545
P.S. 132 JUAN PABLO DUARTE,40.8505433,-73.93393259999999
P.S. 133 FRED R MOORE,40.809663,-73.9391478
P.S. 134 HENRIETTA SZOLD,40.7143013,-73.98296590000001
P.S. 137 JOHN L. BERNSTEIN,40.7143013,-73.98296590000001
P.S. 140 NATHAN STRAUS,40.7191282,-73.9832826
P.S. 142 AMALIA CASTRO,40.7182302,-73.9840825
J.H.S. 143 ELEANOR ROOSEVELT,40.8490987,-73.9311063
"P.S. 145, THE BLOOMINGDALE SCHOOL",40.79909,-73.9653593
P.S. 146 ANN M. SHORT,40.7896995,-73.9390935
P.S. 149 SOJOURNER TRUTH,40.8026661,-73.9482563
P.S. 150,40.7180827,-74.010942
P.S. 152 DYCKMAN VALLEY,40.8600515,-73.9276015
P.S. 153 ADAM CLAYTON POWELL,40.8264766,-73.9474577
P.S. 154 HARRIET TUBMAN,40.8105552,-73.9488623
P.S. 155 WILLIAM PACA,40.7974949,-73.9361933
P.S. 158 BAYARD TAYLOR,40.770203,-73.95072990000001
P.S. 161 PEDRO ALBIZU CAMPOS,40.817721,-73.95245899999999
P.S. 163 ALFRED E. SMITH,40.7949452,-73.9685351
P.S. 165 ROBERT E. SIMON,40.802678,-73.96594999999999
P.S. 166 THE RICHARD RODGERS SCHOOL OF THE ARTS AN,40.788883,-73.9724552
J.H.S. 167 ROBERT F. WAGNER,40.7718269,-73.95794029999999
P.S. M169 - ROBERT F. KENNEDY,40.7808828,-73.95565959999999
P.S. 171 PATRICK HENRY,40.79230390000001,-73.9514494
P.S. 173,40.8456199,-73.9397377
P.S. 175 HENRY H GARNET,40.8142585,-73.9426617
PROFFESOR JUAN BOSCH PUBLIC SCHOOL,40.8594744,-73.9279518
P.S. 180 HUGO NEWMAN,40.8076092,-73.9558388
THE BILINGUAL BICULTURAL SCHOOL,40.7931298,-73.9418125
P.S. 183 ROBERT L. STEVENSON,40.7637622,-73.9577589
P.S. 184M SHUANG WEN,40.7114373,-73.9854864
P.S. 185 JOHN M. LANGSTON,40.7984949,-73.9498493
P.S. 187 HUDSON CLIFFS,40.856137,-73.9372952
P.S. 188 THE ISLAND SCHOOL,40.7198704,-73.9773763
P.S. 189,40.8530906,-73.9279992
P.S. 191 AMSTERDAM,40.7717427,-73.9875717
P.S. 192 JACOB H. SCHIFF,40.8209878,-73.9529951
P.S. 194 COUNTEE CULLEN,40.8211816,-73.9406654
I.S. 195 ROBERTO CLEMENTE,40.8197643,-73.9572398
P.S. 197 JOHN B. RUSSWURM,40.8132983,-73.93782809999999
P.S. 198 ISADOR E. IDA STRAUS,40.7850142,-73.9500312
P.S. 199 JESSIE ISADOR STRAUS,40.7777661,-73.9847365
P.S. 200- THE JAMES MCCUNE SMITH SCHOOL,40.8239553,-73.935802
P.S. 206 JOSE CELSO BARBOSA,40.7969061,-73.9299784
P.S. 208 ALAIN L. LOCKE,40.7983413,-73.9504528
P.S. 212 MIDTOWN WEST,40.7613287,-73.9886685
P.S./I.S. 217 ROOSEVELT ISLAND,40.76396870000001,-73.9484678
I.S. 218 SALOME URENA,40.8608196,-73.9300663
THE MOTT HALL SCHOOL,40.8161719,-73.95210349999999
M.S. 224 MANHATTAN EAST SCHOOL FOR ARTS & ACADEMIC,40.78502659999999,-73.9420076
ELLA BAKER SCHOOL,40.7653683,-73.9596962
P.S. M226,40.7326759,-73.9825764
P.S. 234 INDEPENDENCE SCHOOL,40.71609590000001,-74.0117653
P.S. 241 FAMILY ACADEMY,40.80165059999999,-73.9552947
P.S. M242 -  GWENDOLYN POWELL BROWN COMPUTER SCHOO,40.8061739,-73.9483347
M.S. M245 THE COMPUTER SCHOOL,40.7810814,-73.97808460000002
M.S. M247 DUAL LANGUAGE MIDDLE SCHOOL,40.7893822,-73.9680996
M.S. 250 WEST SIDE COLLABORATIVE MIDDLE SCHOOL,40.7951104,-73.9739883
M.S. 255 SALK SCHOOL OF SCIENCE,40.735118,-73.9816969
M.S. 256 ACADEMIC & ATHLETIC EXCELLENCE,40.7916848,-73.97077019999999
M.S. 258 COMMUNITY ACTION SCHOOL,40.7916848,-73.97077019999999
M.S. 260 CLINTON SCHOOL WRITERS & ARTISTS,40.7533889,-73.9978955
P.S./I.S. 278,40.8715667,-73.91233729999999
THE OPPORTUNITY CHARTER SCHOOL,40.80165059999999,-73.9552947
MANHATTAN THEATRE LAB HIGH SCHOOL,40.7748991,-73.9856157
HARLEM CHILDREN'S ZONE/PROMISE ACADEMY CHARTER SCH,40.806204,-73.9410197
HARLEM RENAISSANCE HIGH SCHOOL,40.8077665,-73.9399252
I.S. M286 RENAISSANCE MILITARY LEADERSHIP ACADEMY,40.8157451,-73.9556001
FOOD AND FINANCE HIGH SCHOOL,40.76559280000001,-73.99298519999999
I.S. 289,40.7168673,-74.01362259999999
P.S. 290 MANHATTAN NEW SCHOOL,40.7751373,-73.952812
HENRY STREET SCHOOL FOR INTERNATIONAL STUDIES,40.7133429,-73.9860695
CITY COLLEGE ACADEMY OF THE ARTS,40.8608196,-73.9300663
ESSEX STREET ACADEMY,40.7173162,-73.989318
HIGH SCHOOL OF HOSPITALITY MANAGEMENT,40.76559280000001,-73.99298519999999
PACE HIGH SCHOOL,40.7162131,-73.9935545
"HIGH SCHOOL FOR ARTS, IMAGINATION AND INQUIRY",40.7748991,-73.9856157
"URBAN ASSEMBLY SCHOOL OF DESIGN AND CONSTRUCTION,",40.76559280000001,-73.99298519999999
"TECHNOLOGY, ARTS, AND SCIENCES STUDIO",40.7298924,-73.9842311
KAPPA IV,40.8172823,-73.94723809999999
"FACING HISTORY SCHOOL, THE",40.76559280000001,-73.99298519999999
MOTT HALL HIGH SCHOOL,40.8172823,-73.94723809999999
"URBAN ASSEMBLY ACADEMY OF GOVERNMENT AND LAW, THE",40.7173162,-73.989318
"URBAN ASSEMBLY SCHOOL FOR MEDIA STUDIES, THE",40.7748991,-73.9856157
LOWER MANHATTAN ARTS ACADEMY,40.7173162,-73.989318
AMISTAD DUAL LANGUAGE SCHOOL,40.8665218,-73.9238183
NEW YORK CITY LAB MIDDLE SCHOOL FOR COLLABORATIVE,40.7425709,-74.0023709
"JAMES BALDWIN SCHOOL, THE: A SCHOOL FOR EXPEDITION",40.74336780000001,-74.00254749999999
MUSCOTA,40.8665218,-73.9238183
THE EAST VILLAGE COMMUNITY SCHOOL,40.7277257,-73.9783818
"URBAN ASSEMBLY SCHOOL OF BUSINESS FOR YOUNG WOMEN,",40.7054423,-74.01288819999999
THURGOOD MARSHALL ACADEMY LOWER SCHOOL,40.8259644,-73.93794199999999
M.S. 319 - MARIA TERESA,40.8394084,-73.93577189999999
MANHATTAN CHARTER SCHOOL,40.7182302,-73.9840825
MIDDLE SCHOOL 322,40.8608196,-73.9300663
M.S. 324 - PATRIA,40.8394084,-73.93577189999999
P.S. 325,40.8209878,-73.9529951
M.S. 326 - WRITERS TODAY & LEADERS TOMORROW,40.8369119,-73.9374121
M.S. 328 - MANHATTAN MIDDLE SCHOOL FOR SCIENTIFIC,40.8369119,-73.9374121
HARLEM LINK CHARTER SCHOOL,40.7984949,-73.9498493
GIRLS PREPARATORY CHARTER SCHOOL OF NEW YORK,40.7198704,-73.9773763
UNIVERSITY NEIGHBORHOOD MIDDLE SCHOOL,40.7133429,-73.9860695
P.S. 333 MANHATTAN SCHOOL FOR CHILDREN,40.7916848,-73.97077019999999
THE ANDERSON SCHOOL,40.7810814,-73.97808460000002
LEADERSHIP VILLAGE ACADEMY CHARTER SCHOOL,40.7993154,-73.9339517
KIPP INFINITY CHARTER SCHOOL,40.8197643,-73.9572398
NEW YORK CITY CENTER FOR AUTISM CHARTER SCHOOL,40.78586809999999,-73.9405871
HARLEM CHILDREN'S ZONE/PROMISE ACADEMY II,40.8069921,-73.9386038
"COLLABORATIVE ACADEMY OF SCIENCE, TECHNOLOGY, & LA",40.7133429,-73.9860695
THE 47 AMERICAN SIGN LANGUAGE & ENGLISH LOWER SCHO,40.73862099999999,-73.9815344
WASHINGTON HEIGHTS EXPEDITIONARY LEARNING SCHOOL,40.8490987,-73.9311063
HARLEM SUCCESS ACADEMY 1 CHARTER SCHOOL,40.803013,-73.9482546
NEW HEIGHTS ACADEMY CHARTER SCHOOL,40.8286152,-73.9454018
THE CHILDREN'S WORKSHOP SCHOOL,40.7277257,-73.9783818
COLUMBIA SECONDARY SCHOOL,40.8106401,-73.9558474
NEIGHBORHOOD SCHOOL,40.7244039,-73.9863598
EARTH SCHOOL,40.72374689999999,-73.9816019
ACADEMY FOR SOCIAL ACTION: A COLLEGE BOARD SCHOOL,40.8157451,-73.9556001
URBAN ASSEMBLY SCHOOL FOR THE PERFORMING ARTS,40.8157451,-73.9556001
ESPERANZA PREPATORY ACADEMY,40.7925899,-73.9421187
GRAMERCY ARTS HIGH SCHOOL,40.7353237,-73.98708119999999
MOSAIC PREPARATORY ACADEMY,40.7960456,-73.9445487
NYCISCHOOL,40.7246371,-74.0050644
RENAISSANCE SCHOOL OF THE ARTS,40.78502659999999,-73.9420076
SCHOOL FOR GLOBAL LEADERS,40.7201848,-73.98595739999999
GLOBAL NEIGHBORHOOD SECONDARY SCHOOL,40.7925899,-73.9421187
DREAM CHARTER SCHOOL,40.7886837,-73.9447655
HARLEM SUCCESS ACADEMY 3 CHARTER SCHOOL,40.7960456,-73.9445487
ST. HOPE LEADERSHIP ACADEMY CHARTER SCHOOL,40.814949,-73.94580789999999
HIGH SCHOOL FOR ENVIRONMENTAL STUDIES,40.7680319,-73.988604
HOSPITAL SCHOOLS,40.83180429999999,-73.8276329
INSTITUTE FOR COLLABORATIVE EDUCATION,40.7326759,-73.9825764
PROFESSIONAL PERFORMING ARTS HIGH SCHOOL,40.7613287,-73.9886685
N.Y.C. LAB SCHOOL FOR COLLABORATIVE STUDIES,40.7425709,-74.0023709
SCHOOL OF THE FUTURE HIGH SCHOOL,40.7390954,-73.985349
N.Y.C. MUSEUM SCHOOL,40.7425709,-74.0023709
WADLEIGH SECONDARY SCHOOL FOR THE PERFORMING & VIS,40.8022843,-73.95408019999999
ELEANOR ROOSEVELT HIGH SCHOOL,40.770282,-73.953267
MILLENNIUM HIGH SCHOOL,40.7046866,-74.01123040000002
LANDMARK HIGH SCHOOL,40.74336780000001,-74.00254749999999
HIGH SCHOOL FOR HEALTH PROFESSIONS AND HUMAN SERVI,40.7326759,-73.9825764
LEADERSHIP AND PUBLIC SERVICE HIGH SCHOOL,40.7089829,-74.01246669999999
LEGACY SCHOOL FOR INTEGRATED STUDIES,40.7365859,-73.9954734
MANHATTAN CENTER FOR SCIENCE AND MATHEMATICS,40.794167,-73.932694
MANHATTAN VILLAGE ACADEMY,40.7419614,-73.9922556
BAYARD RUSTIN EDUCATIONAL COMPLEX,40.74336780000001,-74.00254749999999
"BALLET TECH, NYC PUBLIC SCHOOL FOR DANCE",40.7385401,-73.9894855
UNIVERSITY NEIGHBORHOOD HIGH SCHOOL,40.7122514,-73.9841228
VANGUARD HIGH SCHOOL,40.7653683,-73.9596962
EAST SIDE COMMUNITY HIGH SCHOOL,40.7291532,-73.982474
MANHATTAN INTERNATIONAL HIGH SCHOOL,40.7653683,-73.9596962
WASHINGTON IRVING HIGH SCHOOL,40.7353237,-73.98708119999999
HIGH SCHOOL FOR INTERNATIONAL BUSINESS AND FINANCE,40.8562127,-73.92655429999999
HIGH SCHOOL FOR MEDIA AND COMMUNICATIONS,40.8562127,-73.92655429999999
HIGH SCHOOL FOR LAW AND PUBLIC SERVICE,40.8562127,-73.92655429999999
HIGH SCHOOL FOR HEALTH CAREERS AND SCIENCES,40.8562127,-73.92655429999999
CHOIR ACADEMY OF HARLEM,40.8069921,-73.9386038
LOUIS D. BRANDEIS HIGH SCHOOL,40.7859536,-73.97407249999999
STUYVESANT HIGH SCHOOL,40.7179464,-74.0139052
BEACON HIGH SCHOOL,40.7724873,-73.9881532
FIORELLO H. LAGUARDIA HIGH SCHOOL OF MUSIC & ART A,40.7741609,-73.9859188
HIGH SCHOOL OF ECONOMICS AND FINANCE,40.7092906,-74.0123296
"HIGH SCHOOL FOR LAW, ADVOCACY AND COMMUNITY JUSTIC",40.7748991,-73.9856157
HIGH SCHOOL OF ARTS AND TECHNOLOGY,40.7748991,-73.9856157
PARK EAST HIGH SCHOOL,40.7931962,-73.9506578
CENTRAL PARK EAST I,40.793747,-73.9485723
FREDERICK DOUGLASS ACADEMY,40.8243982,-73.9365449
UNITY CENTER FOR URBAN TECHNOLOGIES,40.7464334,-73.9810279
HOME INSTRUCTION,40.7291044,-74.00628549999999
EDWARD A. REYNOLDS WEST SIDE HIGH SCHOOL,40.7971309,-73.96678320000001
MARTA VALLE SECONDARY SCHOOL,40.7201848,-73.98595739999999
LOWER EAST SIDE PREPARATORY HIGH SCHOOL,40.7201848,-73.98595739999999
TALENT UNLIMITED HIGH SCHOOL,40.7653683,-73.9596962
MURRY BERGTRAUM HIGH SCHOOL FOR BUSINESS CAREERS,40.7110316,-74.0013216
I.S. 528 BEA FULLER RODGERS SCHOOL,40.8506755,-73.93469739999999
JACQUELINE KENNEDY ONASSIS HIGH SCHOOL,40.7576399,-73.9833982
REPERTORY COMPANY HIGH SCHOOL FOR THEATRE ARTS,40.7561154,-73.9844504
"NEW EXPLORATIONS INTO SCIENCE, TECHNOLOGY AND MATH",40.7195002,-73.9792392
A. PHILIP RANDOLPH CAMPUS HIGH SCHOOL,40.8183996,-73.9499603
MANHATTAN / HUNTER SCIENCE HIGH SCHOOL,40.7748991,-73.9856157
MANHATTAN BRIDGES HIGH SCHOOL,40.76559280000001,-73.99298519999999
NEW DESIGN HIGH SCHOOL,40.7173162,-73.989318
INDEPENDENCE HIGH SCHOOL,40.7678733,-73.988931
HIGH SCHOOL FOR DUAL LANGUAGE AND ASIAN STUDIES,40.7173162,-73.989318
LIBERTY HIGH SCHOOL ACADEMY FOR NEWCOMERS,40.7418215,-74.0002348
GREGORIO LUPERON HIGH SCHOOL FOR SCIENCE AND MATHE,40.8384136,-73.9385717
CENTRAL PARK EAST HIGH SCHOOL,40.793747,-73.9485723
URBAN ACADEMY LABORATORY HIGH SCHOOL,40.7653683,-73.9596962
SATELLITE ACADEMY HIGH SCHOOL,40.7474312,-73.9905507
MANHATTAN COMPREHENSIVE NIGHT AND DAY HIGH SCHOOL,40.7326748,-73.9843188
RICHARD R. GREEN HIGH SCHOOL OF TEACHING,40.7054423,-74.01288819999999
HARVEY MILK HIGH SCHOOL,40.7297006,-73.9922318
"HIGH SCHOOL OF FASHION INDUSTRIES, THE",40.7457046,-73.99639379999999
HUMANITIES PREPARATORY ACADEMY,40.74336780000001,-74.00254749999999
YOUNG WOMEN'S LEADERSHIP SCHOOL,40.792935,-73.94716799999999
CHELSEA CAREER AND TECHNICAL EDUCATION HIGH SCHOOL,40.7246371,-74.0050644
NORMAN THOMAS HIGH SCHOOL,40.7464334,-73.9810279
HIGH SCHOOL OF GRAPHIC COMMUNICATION ARTS,40.76399929999999,-73.9908346
ART AND DESIGN HIGH SCHOOL,40.7590185,-73.965729
ACADEMY OF ENVIRONMENTAL SCIENCE SECONDARY HIGH SC,40.78502659999999,-73.9420076
SCHOOL FOR COOPERATIVE TECHNICAL EDUCATION,40.7838943,-73.9451009
CASCADES HIGH SCHOOL,40.7224143,-73.9904913
LIFE SCIENCES SECONDARY SCHOOL,40.7832825,-73.9459371
THURGOOD MARSHALL ACADEMY FOR LEARNING AND SOCIAL,40.8152968,-73.9443043
"HERITAGE SCHOOL, THE",40.7919857,-73.9467809
BREAD  &  ROSES INTEGRATED ARTS HIGH SCHOOL,40.8172823,-73.94723809999999
BARD HIGH SCHOOL EARLY COLLEGE,40.7180919,-73.97607459999999
SISULU-WALKER CHARTER SCHOOL,40.8021017,-73.9513582
HARBOR SCIENCES AND ARTS CHARTER SCHOOL,40.7928631,-73.9515346
AMBER CHARTER SCHOOL,40.7909292,-73.9439089
JOHN V. LINDSAY WILDCAT ACADEMY CHARTER SCHOOL,40.7051613,-74.0159706
HARLEM DAY CHARTER SCHOOL,40.801377,-73.9350819
HARLEM VILLAGE ACADEMY CHARTER SCHOOL,40.8211816,-73.9406654
MANHATTAN SCHOOL FOR CAREER DEVELOPMENT,40.7257169,-73.9878598
P.S. M811 - MICKEY MANTLE SCHOOL,40.7863206,-73.9792435
ISAAC NEWTON MIDDLE SCHOOL FOR MATH & SCIENCE,40.794167,-73.932694
TOMPKINS SQUARE MIDDLE SCHOOL,40.72374689999999,-73.9816019
FREDERICK DOUGLASS ACADEMY II SECONDARY SCHOOL,40.8022843,-73.95408019999999
FUTURE LEADERS INSTITUTE CHARTER SCHOOL,40.8061739,-73.9483347
MOTT HALL II,40.802678,-73.96594999999999
CENTRAL PARK EAST II,40.79230390000001,-73.9514494
P.S. 002 ALFRED ZIMBERG,40.7697001,-73.8941404
P.S. Q004,40.7416616,-73.7783377
I.S. 5 - THE WALTER CROWLEY INTERMEDIATE SCHOOL,40.737383,-73.888148
P.S. 007 LOUIS F. SIMEONE,40.7397494,-73.8825748
J.H.S. 008 RICHARD S. GROSSLEY,40.6971478,-73.7866095
P.S. 009,40.7224092,-73.9095279
I.S. 010 HORACE GREELEY,40.7595184,-73.9124987
P.S. 011 KATHRYN PHELAN,40.74551719999999,-73.909077
P.S. 012 JAMES B. COLGATE,40.7423048,-73.8934898
P.S. 013 CLEMENT C. MOORE,40.7372798,-73.8679645
P.S. 014 FAIRVIEW,40.74091749999999,-73.8543016
P.S. 015 JACKIE ROBINSON,40.6859976,-73.7568074
P.S. Q016,40.749081,-73.8605558
P.S. 017 HENRY DAVID THOREAU,40.7682591,-73.9227537
P.S. 018 WINCHESTER,40.7321073,-73.732064
P.S. 019 MARINO JEANTET,40.7493709,-73.8674498
P.S. 020 JOHN BOWNE,40.758365,-73.8244069
P.S. 021 EDWARD HART,40.7741682,-73.8185428
P.S. 024 ANDREW JACKSON,40.7517618,-73.8177796
I.S. 025 ADRIEN BLOCK,40.7650172,-73.78968929999999
P.S. 026 RUFUS KING,40.73657499999999,-73.778081
P.S. 28 - THE THOMAS EMANUEL EARLY CHILDHOOD CENTE,40.7469882,-73.8545206
P.S. 029 QUEENS,40.7779868,-73.84297459999999
P.S. 030 QUEENS,40.6797874,-73.7740177
P.S. 031 BAYSIDE,40.7576312,-73.76914839999999
P.S. 032 STATE STREET,40.7652597,-73.7943689
P.S. 033 EDWARD M. FUNK,40.72716399999999,-73.73409
P.S. 034 JOHN HARVARD,40.7108896,-73.73796709999999
P.S. 035 NATHANIEL WOODHULL,40.71343299999999,-73.7688809
P.S. 036 SAINT ALBANS SCHOOL,40.6907729,-73.7639889
CYNTHIA JENKINS SCHOOL,40.6762512,-73.758597
P.S. 038 ROSEDALE,40.6716309,-73.7339764
P.S. 040 SAMUEL HUNTINGTON,40.6939852,-73.7908673
P.S. 041 CROCHERON,40.7700561,-73.77108489999999
P.S. 042 R. VERNAM,40.594435,-73.7949455
P.S. 043,40.5942684,-73.7612427
P.S. 045 CLARENCE WITHERSPOON,40.6722983,-73.78826459999999
P.S. 046 ALLEY POND,40.745726,-73.75804699999999
P.S. 047 CHRIS GALAS,40.60672520000001,-73.8201792
P.S. 048 WILLIAM WORDSWORTH,40.6937349,-73.7963429
P.S. 049 DOROTHY BONAWIT KOLE,40.7195174,-73.8750343
P.S. 050 TALFOURD LAWN ELEMENTARY SCHOOL,40.694854,-73.806837
P.S. 051,40.6982438,-73.83172330000001
P.S. 052 QUEENS,40.6612513,-73.7669234
I.S. 053 BRIAN PICCOLO,40.6039506,-73.7498677
P.S. 054 HILLSIDE,40.70267279999999,-73.8244673
P.S. 055 MAURE,40.6936,-73.816147
P.S. 056 HARRY EICHLER,40.6991063,-73.83547089999999
P.S. 58 - SCHOOL OF HEROES,40.72851,-73.890603
I.S. 059 SPRINGFIELD GARDENS,40.6818878,-73.7530444
P.S. 060 WOODHAVEN,40.691436,-73.85279
I.S. 061 LEONARDO DA VINCI,40.7420865,-73.8628075
P.S. 062 CHESTER PARK,40.6883657,-73.8355943
P.S. 063 OLD SOUTH,40.6769032,-73.84656
P.S. 064 JOSEPH P. ADDABBO,40.6811531,-73.857012
P.S. 65 - THE RAYMOND YORK ELEMENTARY SCHOOL,40.682272,-73.84164799999999
P.S. 066 JACQUELINE KENNEDY ONASSIS,40.6979133,-73.84631
J.H.S. 067 LOUIS PASTEUR,40.7624372,-73.73442589999999
P.S. 068 CAMBRIDGE,40.6968584,-73.8973882
P.S. 069 JACKSON HEIGHTS,40.74879929999999,-73.8884638
P.S. 070 QUEENS,40.761734,-73.913973
P.S. 071 FOREST,40.7113999,-73.9047626
M.S. Q072 CATHERINE & COUNT BASIE MIDDLE SCHOOL,40.6750607,-73.77561039999999
I.S. 73 - THE FRANK SANSIVIERI INTERMEDIATE SCHOOL,40.7285961,-73.8932957
J.H.S. 074 NATHANIEL HAWTHORNE,40.7450831,-73.7668808
ROBERT E. PEARY SCHOOL,40.6987123,-73.9049725
P.S. 076 WILLIAM HALLET,40.760848,-73.941632
I.S. 077,40.6992691,-73.9019879
P.S. 078,40.7444645,-73.95766569999999
P.S. 079 FRANCIS LEWIS,40.7859588,-73.8173491
P.S. 080 THURGOOD MARSHALL MAGNET,40.6732635,-73.76901389999999
P.S. 81Q JEAN PAUL RICHTER,40.7038519,-73.9119386
P.S. 082 HAMMOND,40.7038342,-73.8117564
P.S. 084 STEINWAY,40.7711822,-73.906108
P.S. 085 JUDGE CHARLES VALLONE,40.7730089,-73.9148429
P.S. Q086,40.7094563,-73.8035633
P.S. 087 MIDDLE VILLAGE,40.711906,-73.87129800000001
P.S. 088 SENECA,40.7040997,-73.89640969999999
P.S. 089 ELMHURST,40.745942,-73.879623
P.S. 090 HORACE MANN,40.6967154,-73.8392673
P.S. 091 RICHARD ARKWRIGHT,40.703479,-73.883974
P.S. 092 HARRY T. STEWART SR.,40.7562032,-73.86865300000001
I.S. 093 RIDGEWOOD,40.7058553,-73.9028273
P.S. 094 DAVID D. PORTER,40.7713037,-73.7387655
P.S. 095 EASTWOOD,40.711288,-73.783282
P.S. 096,40.6753572,-73.80813119999999
P.S. 097 FOREST PARK,40.694215,-73.860039
P.S. 098 THE DOUGLASTON SCHOOL,40.7691299,-73.7498387
P.S. 099 KEW GARDENS,40.711486,-73.827742
P.S. 100 GLEN MORRIS,40.67225579999999,-73.8213162
P.S. 101 SCHOOL IN THE GARDENS,40.715537,-73.843379
P.S. 102 BAYVIEW,40.73343149999999,-73.8777649
P.S. 104 THE BAYS WATER,40.60830670000001,-73.76471049999999
P.S. 105 THE BAY SCHOOL,40.595904,-73.781257
P.S. 106,40.5946809,-73.7671077
P.S. 107 THOMAS A DOOLEY,40.7554439,-73.7994064
P.S. 108 CAPTAIN VINCENT G. FOWLER,40.6792199,-73.83106029999999
JEAN NUZZI INTERMEDIATE SCHOOL,40.720412,-73.74657239999999
P.S. 111 JACOB BLACKWELL,40.75854959999999,-73.9392371
P.S. 112 DUTCH KILLS,40.7572171,-73.9339221
P.S. / M.S. 114 BELLE HARBOR,40.5782769,-73.85429359999999
P.S. 115 GLEN OAKS,40.74385729999999,-73.7092974
P.S. 116 WILLIAM C. HUGHLEY,40.7007801,-73.7818406
P.S. 117 J. KELD / BRIARWOOD SCHOOL,40.7102309,-73.81305689999999
P.S. 118 LORRAINE HANSBERRY,40.7032974,-73.7653335
I.S. 119 THE GLENDALE,40.705198,-73.875033
P.S. 120 QUEENS,40.7452179,-73.82874559999999
P.S. 121 QUEENS,40.6838583,-73.81554229999999
P.S. 122 MAMIE FAY,40.7802869,-73.9160468
P.S. 123,40.67890200000001,-73.7955549
P.S. 124 OSMOND A CHURCH,40.665478,-73.8110933
I.S. 125 THOM J. MCCANN WOODSIDE,40.7408445,-73.91867409999999
ALBERT SHANKER SCHOOL FOR VISUAL AND PERFORMING AR,40.7661011,-73.9299135
P.S. 127 AEROSPACE SCIENCE MAGNE,40.7649787,-73.8711964
P.S. 128 JUNIPER VALLEY,40.7150089,-73.8862248
P.S. 129 PATRICIA LARKIN,40.789929,-73.839501
P.S. 130,40.7600715,-73.7839084
P.S. 131 ABIGAIL ADAMS,40.7169971,-73.7939177
P.S. 132 RALPH BUNCHE,40.6819915,-73.7495052
P.S. 133 QUEENS,40.7317483,-73.7177474
P.S. 134 HOLLIS,40.7079882,-73.7552291
THE BELLAIRE SCHOOL,40.720849,-73.757595
P.S. 136 ROY WILKINS,40.6946477,-73.7608333
M.S. 137 AMERICA'S SCHOOL OF HEROES,40.6780703,-73.8396521
P.S. 138 SUNRISE,40.6599832,-73.7344343
P.S. 139 REGO PARK,40.727995,-73.862551
I.S. 141 THE STEINWAY,40.7758926,-73.90456449999999
P.S. 143 LOUIS ARMSTRONG,40.7551817,-73.8554755
P.S. 144 COL JEROMUS REMSEN,40.7150517,-73.8529435
I.S. 145 JOSEPH PULITZER,40.7543262,-73.8875943
P.S. 146 HOWARD BEACH,40.6605468,-73.83496590000001
P.S. 147 RONALD MCNAIR,40.698026,-73.740151
P.S. 148 QUEENS,40.7576279,-73.878619
P.S. 149 CHRISTA MCAULIFFE,40.7552967,-73.8744262
P.S. 150 QUEENS,40.7457471,-73.92332019999999
P.S. 151 MARY D. CARTER,40.7576706,-73.90836759999999
P.S. 152 GWENDOLYN ALLEYNE,40.7530928,-73.90053
P.S. 153 MASPETH ELEM,40.716288,-73.904467
P.S. 154 QUEENS,40.7264369,-73.8075916
P.S. 155,40.67960799999999,-73.81042409999999
P.S. 156 LAURELTON,40.6720872,-73.743438
J.H.S. 157 STEPHEN A. HALSEY,40.7322865,-73.8530536
M.S. 158 MARIE CURIE,40.7563745,-73.7723202
P.S. 159,40.770092,-73.7839769
P.S. 160 WALTER FRANCIS BISHOP,40.6880172,-73.79996539999999
P.S. 161 ARTHUR ASHE SCHOOL,40.690426,-73.82106499999999
P.S. 162 JOHN GOLDEN,40.748394,-73.77656499999999
P.S. 163 FLUSHING HEIGHTS,40.741093,-73.808757
P.S. 164 QUEENS VALLEY,40.7211586,-73.8231641
P.S. 165 EDITH K. BERGTRAUM,40.7295971,-73.8177163
P.S. 166 HENRY GRADSTEIN,40.7574989,-73.92623789999999
P.S. 169 BAY TERRACE,40.7823459,-73.77844
P.S. 171 PETER G. VAN ALST,40.7710982,-73.92946210000001
IRWIN ALTMAN MIDDLE SCHOOL 172,40.7420669,-73.7130225
P.S. 173 FRESH MEADOWS,40.7340865,-73.7952832
P.S. 174 WILLIAM SIDNEY MOUNT,40.720572,-73.861471
P.S. 175 THE LYNN GROSS DISCOVERY SCHOOL,40.731005,-73.852189
P.S. 176 CAMBRIA HEIGHTS,40.6848695,-73.7296779
P.S. Q177,40.74315989999999,-73.7874465
P.S./ IS 178 HOLLISWOOD,40.7243137,-73.77701449999999
P.S. 181 BROOKFIELD,40.6562032,-73.7531283
P.S. 182 SAMANTHA SMITH,40.70274999999999,-73.805035
P.S. 183 DR. RICHARD R. GREEN,40.5889357,-73.8052824
P.S. 184 FLUSHING MANOR,40.7781644,-73.7998406
J.H.S. 185 EDWARD BLEEKER,40.7751216,-73.81849989999999
P.S. 186 CASTLEWOOD,40.7497634,-73.7218628
P.S. 188 KINGSBURY,40.7361039,-73.7536235
J.H.S. 189 DANIEL CARTER BEARD,40.7603435,-73.81790869999999
J.H.S. 190 RUSSELL SAGE,40.7230138,-73.8518455
P.S. 191 MAYFLOWER,40.7342217,-73.7089196
I.S. 192 THE LINDEN,40.7067683,-73.7537928
P.S. 193 ALFRED J. KENNEDY,40.792326,-73.8095158
J.H.S. 194 WILLIAM CARR,40.78322,-73.806977
P.S. 195 WILLIAM HABERLE,40.652625,-73.73520529999999
P.S. 196 GRAND CENTRAL PARKWAY,40.722976,-73.8377256
P.S. 197 THE OCEAN SCHOOL,40.5999875,-73.7439954
P.S. 199 MAURICE A. FITZGERALD,40.7399816,-73.9263768
P.S. 200 POMONOK,40.7310597,-73.8054492
P.S. 201 KISSENA,40.736521,-73.813001
J.H.S. 202 ROBERT H. GODDARD,40.6708858,-73.8456736
P.S. 203 OAKLAND GARDENS,40.7535633,-73.7599913
I.S. 204 OLIVER W. HOLMES,40.7566277,-73.93264789999999
P.S. 205 ALEXANDER GRAHAM BELL,40.73801,-73.75638099999999
P.S. 207 ROCKWOOD PARK,40.657832,-73.84403879999999
P.S. / I.S. 208,40.744184,-73.727581
P.S. 209 CLEARVIEW GARDENS,40.7837142,-73.7950273
J.H.S. 210 ELIZABETH BLACKWELL,40.684802,-73.8475694
P.S. 212,40.7529623,-73.88485949999999
P.S. 213 THE CARL ULLMAN SCHOOL,40.747524,-73.745381
P.S. 214 CADWALLADER COLDEN,40.7701939,-73.82762
P.S. 215 LUCRETIA MOTT,40.5997037,-73.7583551
J.H.S. 216 GEORGE J. RYAN,40.7373644,-73.7941586
J.H.S. 217 ROBERT A. VAN WYCK,40.7105094,-73.8118746
P.S. 219 PAUL KLAPPER,40.7358552,-73.82358339999999
P.S. 220 EDWARD MANDEL,40.7365,-73.8518454
P.S. 221 NORTH HILLS,40.7586405,-73.7313503
P.S. Q222 - FIRE FIGHTER CHRISTOPHER A. SANTORA SC,40.750434,-73.87997299999999
P.S. 223 LYNDON B. JOHNSON,40.674555,-73.7902123
P.S. Q224,40.7497634,-73.7218628
J.H.S. 226 VIRGIL I. GRISSOM,40.6750633,-73.81669169999999
I.S. 227 LOUIS ARMSTRONG,40.757566,-73.874573
P.S. 229 EMANUEL KAPLAN,40.7344927,-73.8972088
I.S. 230,40.7526398,-73.8928407
I.S. 231 MAGNETECH 2000,40.6648583,-73.7590877
P.S. 232 LINDENWOOD,40.6658495,-73.85102719999999
P.S. Q233,40.7088482,-73.8558219
P.S. 234,40.7669254,-73.9230542
ACADEMY FOR NEW AMERICANS,40.766708,-73.9230524
I.S. 237,40.7495386,-73.8214543
I.S. 238 SUSAN B ANTHONY,40.712772,-73.7801733
P.S. 239,40.69943,-73.90383299999999
P.S. 242 LEONARD P. STAVISKY EARLY CHILDHOOD SCHOO,40.76978889999999,-73.83201950000002
QUEENS PREPARATORY ACADEMY,40.6681047,-73.75789859999999
I.S. 250 THE ROBERT F. KENNEDY COMMUNITY MIDDLE SC,40.724191,-73.80937
P.S. 251 QUEENS,40.665341,-73.7593347
"QUEENS SCHOOL OF INQUIRY, THE",40.724191,-73.80937
P.S. 253,40.6072955,-73.7488118
P.S. 254,40.697177,-73.847866
P.S. Q255,40.724191,-73.80937
PATHWAYS COLLEGE PREPARATORY SCHOOL: A COLLEGE BOA,40.7067683,-73.7537928
FREDERICK DOUGLASS ACADEMY VI HIGH SCHOOL,40.601532,-73.76397899999999
CHANNEL VIEW SCHOOL FOR RESEARCH,40.5863283,-73.8234859
FLUSHING INTERNATIONAL HIGH SCHOOL,40.7603435,-73.81790869999999
ACADEMY OF FINANCE AND  ENTERPRISE,40.7445464,-73.93692039999999
EXCELSIOR PREPARATORY HIGH SCHOOL,40.6681047,-73.75789859999999
P.S. / I.S. 266,40.746011,-73.7283855
HIGH SCHOOL OF APPLIED COMMUNICATION,40.7445464,-73.93692039999999
P.S. 268,40.7076516,-73.7852195
P.S. / I.S. Q270,40.6749904,-73.7363585
GEORGE WASHINGTON CARVER HIGH SCHOOL FOR THE SCIEN,40.6681047,-73.75789859999999
EAST-WEST SCHOOL OF INTERNATIONAL STUDIES,40.7495386,-73.8214543
KNOWLEDGE AND POWER PREPARATORY ACADEMY VI,40.601532,-73.76397899999999
PREPARATORY ACADEMY FOR WRITERS: A COLLEGE BOARD S,40.6681047,-73.75789859999999
WORLD JOURNALISM PREPARATORY: A COLLEGE BOARD SCHO,40.7650172,-73.78968929999999
"YOUNG WOMEN'S LEADERSHIP SCHOOL, ASTORIA",40.7713147,-73.92418789999999
CIVIC LEADERSHIP ACADEMY,40.743204,-73.871482
BELL ACADEMY,40.7823459,-73.77844
P.S./I.S. 295,40.7207298,-73.7313942
ACADEMY FOR CAREERS IN TELEVISION AND FILM,40.7566277,-73.93264789999999
"QUEENS HIGH SCHOOL FOR INFORMATION, RESEARCH, AND",40.601532,-73.76397899999999
THE ACADEMY FOR EXCELLENCE THROUGH THE ARTS,40.72575519999999,-73.84404239999999
VOICE CHARTER SCHOOL OF NEW YORK,40.75854959999999,-73.9392371
NEW YORK CITY ACADEMY FOR DISCOVERY,40.69146,-73.84856599999999
ROBERT H. GODDARD HIGH SCHOOL OF COMMUNICATION ART,40.6708858,-73.8456736
ACADEMY OF MEDICAL TECHNOLOGY: A COLLEGE BOARD SCH,40.601532,-73.76397899999999
QUEENS COLLEGIATE: A COLLEGE BOARD SCHOOL,40.7142206,-73.7980266
SCHOLARS' ACADEMY,40.5844498,-73.8251698
GOLDIE MAPLE ACADEMY,40.5913486,-73.7861886
AUGUST MARTIN HIGH SCHOOL,40.6747642,-73.78323259999999
BEACH CHANNEL HIGH SCHOOL,40.5863283,-73.8234859
BENJAMIN N. CARDOZO HIGH SCHOOL,40.7519018,-73.75653129999999
JOHN BOWNE HIGH SCHOOL,40.7386635,-73.8239238
FRANCIS LEWIS HIGH SCHOOL,40.7404652,-73.79360919999999
MARTIN VAN BUREN HIGH SCHOOL,40.7339036,-73.7392943
FOREST HILLS HIGH SCHOOL,40.7297887,-73.84474709999999
WILLIAM CULLEN BRYANT HIGH SCHOOL,40.7576896,-73.91037779999999
LONG ISLAND CITY HIGH SCHOOL,40.7658067,-73.9327717
NEWTOWN HIGH SCHOOL,40.74083690000001,-73.8739856
FLUSHING HIGH SCHOOL,40.7649611,-73.82687829999999
JAMAICA HIGH SCHOOL,40.7142206,-73.7980266
RICHMOND HILL HIGH SCHOOL,40.694945,-73.8337521
JOHN ADAMS HIGH SCHOOL,40.6786025,-73.8369699
GROVER CLEVELAND HIGH SCHOOL,40.7116318,-73.9091661
"MATHEMATICS, SCIENCE RESEARCH AND TECHNOLOGY MAGNE",40.6981894,-73.74600889999999
"LAW, GOVERNMENT AND COMMUNITY SERVICE HIGH SCHOOL",40.6981894,-73.74600889999999
BAYSIDE HIGH SCHOOL,40.771101,-73.78021
"BUSINESS, COMPUTER APPLICATIONS AND ENTREPRENEURSH",40.6981894,-73.74600889999999
HUMANITIES & ARTS MAGNET HIGH SCHOOL,40.6981894,-73.74600889999999
"THE QUEENS COLLEGE SCHOOL FOR MATH, SCIENCE AND TE",40.7383323,-73.82027959999999
INFORMATION TECHNOLOGY HIGH SCHOOL,40.747678,-73.946647
HILLCREST HIGH SCHOOL,40.7095227,-73.80247159999999
MIDDLE COLLEGE HIGH SCHOOL AT LAGUARDIA COMMUNITY,40.7433987,-73.9333333
TOWNSEND HARRIS HIGH SCHOOL,40.7349867,-73.821365
INTERNATIONAL HIGH SCHOOL AT LAGUARDIA COMMUNITY C,40.7439997,-73.9350126
QUEENS ACADEMY HIGH SCHOOL,40.7656054,-73.82833959999999
HIGH SCHOOL FOR ARTS AND BUSINESS,40.737637,-73.853408
NEWCOMERS HIGH SCHOOL,40.7516035,-73.9368126
"ROBERT F. WAGNER, JR. SECONDARY SCHOOL FOR ARTS AN",40.7427084,-73.9363284
"QUEENS HIGH SCHOOL OF TEACHING, LIBERAL ARTS AND T",40.744121,-73.728799
ACADEMY OF AMERICAN STUDIES,40.7513083,-73.93741059999999
BACCALAUREATE SCHOOL FOR GLOBAL EDUCATION,40.7550475,-73.9269635
QUEENS VOCATIONAL AND TECHNICAL HIGH SCHOOL,40.74222049999999,-73.9283762
AVIATION CAREER & TECHNICAL EDUCATION HIGH SCHOOL,40.743581,-73.9292176
THOMAS A. EDISON CAREER AND TECHNICAL EDUCATION HI,40.7163629,-73.798836
"HIGH SCHOOL FOR CONSTRUCTION TRADES, ENGINEERING A",40.6892738,-73.8412316
ROBERT F. KENNEDY COMMUNITY HIGH SCHOOL,40.7253501,-73.8113254
QUEENS HIGH SCHOOL FOR THE SCIENCES AT  YORK COLLE,40.7009286,-73.7983153
HIGH SCHOOL FOR LAW ENFORCEMENT AND PUBLIC SAFETY,40.6859687,-73.7834452
MERRICK ACADEMY CHARTER SCHOOL,40.714443,-73.752972
"RENAISSANCE CHARTER SCHOOL, THE",40.7499511,-73.8851641
OUR WORLD NEIGHBORHOOD CHARTER,40.7557784,-73.92414409999999
P.S. Q721 - QUEENS OCCUPATIONAL TRAINING CENTER,40.7358729,-73.8675318
VOYAGES PREPARATORY,40.743204,-73.871482
QUEENS SCHOOL FOR CAREER DEVELOPMENT,40.6837697,-73.8010187
P.S. Q811,40.756146,-73.7287858
51 AVENUE ACADEMY (THE PATH TO ACADEMIC EXCELLENCE,40.737207,-73.887005
"YOUNG  WOMEN'S LEADERSHIP SCHOOL, QUEENS",40.7084312,-73.8041965
P.S. Q993,40.7342217,-73.7089196
P.S. 001 TOTTENVILLE,40.50883450000001,-74.2440251
I.S. R002 GEORGE L. EGBERT,40.5770938,-74.10015039999999
P.S. 003 THE MARGARET GIOIOSA SCHOOL,40.52082499999999,-74.211845
P.S. 004 MAURICE WOLLIN,40.5523733,-74.19551609999999
P.S. 005 HUGUENOT,40.529697,-74.18753219999999
P.S. 6 CORPORAL ALLAN F. KIVLEHAN SCHOOL,40.5102741,-74.2304292
I.S. 007 ELIAS BERNSTEIN,40.5240904,-74.186183
P.S. 8 SHIRLEE SOLOMON,40.5476445,-74.1519507
P.S. 11 THOMAS DONGAN SCHOOL,40.5907092,-74.09790389999999
P.S. 013 M. L. LINDENMEYER,40.6131457,-74.0691497
P.S. 014 CORNELIUS VANDERBILT,40.622418,-74.079229
P.S. 016 JOHN J. DRISCOLL,40.6397293,-74.0795821
P.S. 018 JOHN G. WHITTIER,40.6365434,-74.11688170000001
P.S. 019 THE CURTIS SCHOOL,40.630563,-74.1268879
P.S. 020 PORT RICHMOND,40.636739,-74.13257569999999
P.S. 21 MARGARET EMERY-ELM PARK,40.6319441,-74.14670620000001
P.S. 022 GRANITEVILLE,40.6249594,-74.1506485
P.S. 023 RICHMONDTOWN,40.5706912,-74.133509
I.S. 024 MYRA S. BARNES,40.5457934,-74.1455611
SOUTH RICHMOND HIGH SCHOOL I.S./P.S. 25,40.51030919999999,-74.21976839999999
P.S. 026 THE CARTERET SCHOOL,40.5915602,-74.1902344
I.S. 027 ANNING S. PRALL,40.6282837,-74.1175923
P.S. 029 BARDWELL,40.6139436,-74.11623589999999
P.S. 030 WESTERLEIGH,40.6180283,-74.13316069999999
P.S. 031 WILLIAM T. DAVIS,40.64195429999999,-74.0854572
P.S. 032 THE GIFFORD SCHOOL,40.555229,-74.1541716
I.S. 034 TOTTENVILLE,40.5078027,-74.2432209
P.S. 35 THE CLOVE VALLEY SCHOOL,40.6135779,-74.0989589
P.S. 036 J. C. DRUMGOOLE,40.5432382,-74.1825783
P.S. R037,40.5640675,-74.1514242
P.S. 038 GEORGE CROMWELL,40.574938,-74.099425
P.S. 39 FRANCIS J. MURPHY JR.,40.5976133,-74.07140509999999
P.S. 041 NEW DORP,40.57392249999999,-74.10908049999999
P.S. 042 ELTINGVILLE,40.552214,-74.16904
P.S. 044 THOMAS C. BROWN,40.6315864,-74.1570676
P.S. 045 JOHN TYLER,40.6283058,-74.1075161
P.S. 046 ALBERT V. MANISCALCO,40.5942107,-74.08052119999999
P.S. 048 WILLIAM C. WILCOX,40.60259,-74.090333
I.S. 49 BERTA A. DREYFUS,40.620483,-74.0807708
P.S. 050 FRANK HANKINSON,40.5614875,-74.12492619999999
I.S. 051 EDWIN MARKHAM,40.6230105,-74.1452953
P.S. 052 JOHN C. THOMPSON,40.5824372,-74.0886964
P.S. 053 BAY TERRACE,40.55212849999999,-74.137382
P.S. 054 CHARLES W. LENG,40.6027789,-74.13762799999999
P.S. 055 HENRY M. BOEHM,40.536389,-74.1634219
P.S. 56 THE LOUIS DESARIO SCHOOL,40.5419596,-74.2139675
P.S. 057 HUBERT H. HUMPHREY,40.611011,-74.0835877
SPACE SHUTTLE COLUMBIA SCHOOL,40.5830656,-74.16068729999999
P.S. 060 ALICE AUSTEN,40.6105562,-74.1623285
I.S. 061 WILLIAM A MORRIS,40.634527,-74.09799199999999
P.S. 069 DANIEL D. TOMPKINS,40.5912272,-74.15756030000001
I.S. 072 ROCCO LAURIE,40.5924704,-74.15853249999999
I.S. 075 FRANK D. PAULO,40.54436889999999,-74.19720090000001
THE MICHAEL J. PETRIDES SCHOOL,40.6084411,-74.1052619
P.S. R373,40.641176,-74.09546
NEW DORP HIGH SCHOOL,40.5695781,-74.1073767
PORT RICHMOND HIGH SCHOOL,40.634843,-74.142015
CURTIS HIGH SCHOOL,40.6449118,-74.08050700000001
TOTTENVILLE HIGH SCHOOL,40.528303,-74.193519
SUSAN E. WAGNER HIGH SCHOOL,40.5972844,-74.125202
CONCORD HIGH SCHOOL,40.61079609999999,-74.0867683
RALPH R. MCKEE CAREER AND TECHNICAL EDUCATION HIGH,40.6428043,-74.0793517
STATEN ISLAND TECHNICAL HIGH SCHOOL,40.567929,-74.115695
THE RICHARD H. HUNGERFORD SCHOOL,40.6208465,-74.0770575
P.S. 001 COURTLANDT SCHOOL,40.81910060000001,-73.9194097
P.S. 002 MORRISANIA,40.8308954,-73.9023857
P.S. 3 RAUL JULIA MICRO SOCIETY,40.8501633,-73.89165609999999
P.S./M.S. 004 CROTONA PARK WEST,40.8412417,-73.8984918
P.S. 005 PORT MORRIS,40.8136127,-73.9084287
P.S. 006 WEST FARMS,40.8406052,-73.88218990000001
P.S. 007 KINGSBRIDGE,40.8816677,-73.9058618
P.S. 008 ISSAC VARIAN,40.8725525,-73.88336530000001
RYER AVENUE ELEMENTARY SCHOOL,40.8568025,-73.8989065
P.S. X010,40.8272139,-73.8292124
P.S. 011 HIGHBRIDGE,40.8397302,-73.92591279999999
P.S. X012 LEWIS AND CLARK SCHOOL,40.8404321,-73.8444386
P.S. X014 SENATOR JOHN CALANDRA,40.8355351,-73.8258615
P.S. X015 INSTITUTE FOR ENVIRONMENTAL LEARNING,40.8591649,-73.90973319999999
P.S. 016 WAKEFIELD,40.9023697,-73.85454639999999
P.S. X017,40.81890629999999,-73.9053333
P.S. 018 JOHN PETER ZENGER,40.8162486,-73.92258489999999
P.S. 019 JUDITH K. WEISS,40.8993214,-73.86722320000001
P.S. 20 P.O.GEORGE J. WERDAN III,40.86961760000001,-73.8790124
P.S. 021 PHILLIP H. SHERIDAN,40.8879399,-73.8594064
J.H.S. 022 JORDAN L. MOTT,40.8324496,-73.9139388
P.S. 023 THE NEW CHILDREN'S SCHOOL,40.8533597,-73.8947984
P.S. 024 SPUYTEN DUYVIL,40.8876623,-73.9135704
P.S. 025 BILINGUAL SCHOOL,40.8128539,-73.90572519999999
P.S. 028 MOUNT HOPE,40.8483384,-73.9037018
P.S./M.S. 029 MELROSE SCHOOL,40.8216111,-73.9167681
P.S. 030 WILTON,40.8090647,-73.9175195
P.S./M.S. 031 THE WILLIAM LLOYD GARRISON,40.8225387,-73.9214871
P.S. 032 BELMONT,40.8521385,-73.8858935
P.S. 033 TIMOTHY DWIGHT,40.86167469999999,-73.90163299999999
P.S. 035 FRANZ SIEGEL,40.8276096,-73.9180902
P.S. 036 UNIONPORT,40.829446,-73.849749
P.S. X037 - MULTIPLE INTELLIGENCE SCHOOL,40.8798395,-73.9107885
P.S. 041 GUN HILL ROAD,40.874682,-73.8678767
P.S. 042 CLAREMONT,40.8385594,-73.9030255
P.S. 043 JONAS BRONCK,40.80641929999999,-73.9214243
P.S. 044 DAVID C. FARRAGUT,40.8426051,-73.89091499999999
J.H.S. 045 THOMAS C. GIORDANO,40.8584306,-73.8870393
P.S. 046 EDGAR ALLAN POE,40.8669496,-73.8906272
P.S. 047 JOHN RANDOLPH,40.8325249,-73.8669819
P.S. 048 JOSEPH R. DRAKE,40.8142282,-73.886889
P.S. 049 WILLIS AVENUE,40.810342,-73.92262649999999
P.S. 050 CLARA BARTON,40.8342374,-73.8871441
P.S. 051 BRONX NEW SCHOOL,40.8774791,-73.8870256
P.S. 053 BASHEER QUISIM,40.832774,-73.9118312
P.S. / I.S. 54,40.8649367,-73.88779269999999
P.S. 055 BENJAMIN FRANKLIN,40.8359726,-73.90483809999999
P.S. 057 CRESCENT,40.84871090000001,-73.8889123
P.S. 058,40.8462754,-73.8988781
P.S. 059 THE COMMUNITY SCHOOL OF TECHNOLOGY,40.8530603,-73.8934211
P.S. 061 FRANCISCO OLLER,40.8363593,-73.8927497
P.S. 062 INOCENSIO CASANOVA,40.8138751,-73.9001902
P.S. 063 AUTHOR'S ACADEMY,40.8308954,-73.9023857
P.S. 064 PURA BELPRE,40.840366,-73.9157164
P.S. 065 MOTHER HALE ACADEMY,40.8077306,-73.9127678
P.S. 066 SCHOOL OF HIGHER EXPECTATIONS,40.8313935,-73.8865838
P.S. 067 MOHEGAN SCHOOL,40.8438837,-73.88431650000001
P.S. 068 BRONX,40.89146059999999,-73.83856730000001
P.S. 069 THE NEW VISION SCHOOL,40.8168367,-73.8605406
P.S. 070 MAX SCHOENFELD,40.8443936,-73.9080233
P.S. 071 ROSE E. SCALA,40.845672,-73.8297429
P.S. 072 DR. WILLIAM DORNEY,40.8231581,-73.8181364
P.S. 073 BRONX,40.8326204,-73.9264852
P.S. 075,40.82229,-73.88896
P.S. 076 THE BENNINGTON SCHOOL,40.8691644,-73.86090589999999
P.S. 078 ANNE HUTCHINSON,40.8784651,-73.8505799
P.S. 081 ROBERT J. CHRISTEN,40.9034547,-73.90468179999999
P.S. 083 DONALD HERTZ,40.84916680000001,-73.8588608
P.S. 085 GREAT EXPECTATIONS,40.8588521,-73.89482869999999
P.S. 086 KINGSBRIDGE HEIGHTS,40.8698472,-73.8982631
P.S. 087 BRONX,40.89536289999999,-73.8458246
P.S. X088 - S. SILVERSTEIN LITTLE SCHOOL,40.8370196,-73.91354919999999
P.S. 089 BRONX,40.8625634,-73.8592019
P.S. 091 BRONX,40.8577351,-73.9078121
P.S. 092 BRONX,40.8463352,-73.8893226
P.S. 093 ALBERT G. OLIVER,40.822513,-73.87725499999999
P.S. 094 KINGS COLLEGE SCHOOL,40.8805095,-73.8752665
P.S. 095 SHEILA MENCHER,40.8830219,-73.891672
P.S. 096 RICHARD RODGERS,40.8609206,-73.8689722
P.S. 097 BRONX,40.8630715,-73.84694689999999
J.H.S. 098 HERMAN RIDDER,40.8358091,-73.8911153
P.S. 100 ISAAC CLASON,40.8219102,-73.8626151
M.S. X101 EDWARD R. BYRNE,40.8272139,-73.8292124
P.S. 102 JOSEPH O. LORETAN,40.8382117,-73.8660262
P.S. 103 HECTOR FONTANEZ,40.8923187,-73.8618979
P.S. 105 SEN ABRAHAM BERNSTEIN,40.8527674,-73.8664014
P.S. 106 PARKCHESTER,40.8371047,-73.8548399
P.S. 107,40.8188865,-73.8686089
P.S. 108 PHILIP J. ABINANTI,40.8545351,-73.8529191
P.S. 109 SEDGWICK,40.85163720000001,-73.9187717
P.S. 110 THEODORE SCHOENFELD,40.8349726,-73.9003037
P.S. 111 SETON FALLS,40.884355,-73.839263
P.S. 112 BRONXWOOD,40.8847919,-73.8439954
P.S. X114 - LUIS LLORENS TORRES SCHOOLS,40.8350072,-73.9233472
I.S. 117 JOSEPH H. WADE,40.8485793,-73.90874579999999
J.H.S. 118 WILLIAM W. NILES,40.8485594,-73.8925699
P.S. 119,40.8284926,-73.85657139999999
P.S. 121 THROOP,40.8669435,-73.85046679999999
J.H.S. 123 JAMES M. KIERAN,40.82488350000001,-73.8735173
J.H.S. 125 HENRY HUDSON,40.8294144,-73.8567829
P.S. 126 DR MARJORIE H DUNBAR,40.8362011,-73.9283456
J.H.S. 127 THE CASTLE HILL,40.8384942,-73.8532006
MOTT HALL III,40.8359726,-73.90483809999999
P.S. 129 TWIN PARKS UPPER,40.8456823,-73.88653219999999
P.S. 130 ABRAM STEVENS HEWITT,40.8177775,-73.9018306
J.H.S. 131 ALBERT EINSTEIN,40.8233189,-73.8600615
P.S. 132 GARRET A. MORGAN,40.8320812,-73.90695079999999
P.S. 134 GEORGE F. BRISTOW,40.831595,-73.894227
P.S. 138 SAMUEL RANDALL,40.8223735,-73.8528307
P.S. 140 EAGLE,40.8233742,-73.907378
RIVERDALE / KINGSBRIDGE ACADEMY (MIDDLE SCHOOL / H,40.8877008,-73.91360499999999
J.H.S. 142 JOHN PHILIP SOUSA,40.8860434,-73.8405764
J.H.S. 144 MICHELANGELO,40.8642904,-73.8365658
J.H.S. 145 ARTURO TOSCANINNI,40.8277475,-73.91377279999999
P.S. 146 EDWARD COLLINS,40.8251247,-73.90592
P.S. 150 CHARLES JAMES FOX,40.8261982,-73.89427289999999
J.H.S. 151 LOU GEHRIG,40.8225387,-73.9214871
P.S. 152 EVERGREEN,40.8239782,-73.880504
P.S. 153 HELLEN KELLER,40.8730453,-73.83334479999999
P.S. 154 JONATHAN D. HYATT,40.8082547,-73.9257485
P.S. 157 GROVE HILL,40.8192621,-73.90906489999999
P.S. 159 LUIS MUNOZ MARIN BILING,40.8555172,-73.8932821
P.S. 160 WALT DISNEY,40.8641361,-73.8239598
P.S. 161 PONCE DE LEON,40.81450720000001,-73.9051591
J.H.S. 162 LOLA RODRIGUEZ DE TIO,40.8147024,-73.9120362
P.S. 163 ARTHUR A. SCHOMBURG,40.851773,-73.89879429999999
GRAND CONCOURSE CHARTER SCHOOL,40.8368265,-73.9175206
P.S. 168,40.81366,-73.92599899999999
P.S. 170,40.8445236,-73.9132748
P.S. 175 CITY ISLAND,40.84379,-73.7846911
P.S. X176,40.87514609999999,-73.8330952
P.S. 178 - DR. SELMAN WAXMAN,40.87514609999999,-73.8330952
P.S. 179,40.8092157,-73.9200317
I.S. 180 DANIEL HALE WILLIAMS,40.8732041,-73.8321785
I.S. 181 PABLO CASALS,40.87498799999999,-73.8321783
P.S. 182,40.818892,-73.856982
THE BRONX LIGHTHOUSE CHARTER SCHOOL,40.823187,-73.897385
P186X WALTER J. DAMROSCH SCHOOL,40.8313619,-73.8980758
P.S. X188,40.8504842,-73.8838411
I.S. 190,40.8363593,-73.8927497
P.S. 195,40.8309062,-73.877497
P.S. 196,40.8309062,-73.877497
P.S. 198,40.8287148,-73.9004516
P.S. 199X - THE SHAKESPEARE SCHOOL,40.8435527,-73.9206652
M.S. 203,40.81366,-73.92599899999999
P.S. 204 MORRIS HEIGHTS,40.8499949,-73.91522599999999
P.S. 205 FIORELLO LAGUARDIA,40.855742,-73.8814069
I.S. 206 ANN MERSEREAU,40.8596038,-73.9062749
P.S. 207,40.8782767,-73.9062762
P.S. 209,40.85677070000001,-73.897431
P.S. 211,40.8438503,-73.8900634
P.S. 212,40.8287148,-73.9004516
BRONX ENGINEERING AND TECHNOLOGY ACADEMY,40.8776027,-73.9133334
P.S. 214,40.8391826,-73.8802804
KAPPA,40.8337075,-73.9039366
SCHOOL OF PERFORMING ARTS,40.8220835,-73.8940382
P.S./I.S. 218 RAFAEL HERNANDEZ DUAL LANGUAGE MAGNE,40.8356937,-73.9196626
I.S. 219 NEW VENTURE SCHOOL,40.8337075,-73.9039366
SOUTH BRONX PREPARATORY: A COLLEGE BOARD SCHOOL,40.8135073,-73.9204774
M.S. 223 THE LABORATORY SCHOOL OF FINANCE AND TECH,40.8135073,-73.9204774
P.S. / I.S. 224,40.81020729999999,-73.9183901
THEATRE ARTS PRODUCTION COMPANY SCHOOL,40.8546548,-73.8970362
P.S. 226,40.8555678,-73.9162197
BRONX EXPEDITIONARY LEARNING HIGH SCHOOL,40.83965449999999,-73.911386
I.S. 229 ROLAND PATTERSON,40.8415626,-73.9296045
P.S. 230 DR ROLAND N. PATTERSON,40.8415626,-73.9296045
I.S. 232,40.8494606,-73.9155291
P.S. 236 LANGSTON HUGHES,40.84473699999999,-73.8985892
"THE MARIE CURIE SCHOOL FOR MEDICINE, NURSING, AND",40.87545069999999,-73.90151639999999
URBAN ASSEMBLY ACADEMY FOR HISTORY AND CITIZENSHIP,40.83965449999999,-73.911386
URBAN ASSEMBLY SCHOOL FOR APPLIED MATH AND SCIENCE,40.8394571,-73.9018947
WEST BRONX ACADEMY FOR THE FUTURE,40.8595162,-73.8885805
THE NEW SCHOOL FOR LEADERSHIP AND JOURNALISM,40.87545069999999,-73.90151639999999
NEW DAY ACADEMY,40.8273874,-73.9005294
P.S. 246 POE CENTER,40.865975,-73.895314
BRONX HEALTH SCIENCES HIGH SCHOOL,40.8740855,-73.8320957
EXIMIUS COLLEGE PREPARATORY ACADEMY: A COLLEGE BOA,40.8339721,-73.9027472
EXPLORATIONS ACADEMY,40.8358091,-73.8911153
MOTT HALL BRONX HIGH SCHOOL,40.8394571,-73.9018947
BRONX HIGH SCHOOL FOR WRITING AND COMMUNICATION AR,40.8751674,-73.86158209999999
I.S. 254,40.858858,-73.8898414
BRONX CHARTER SCHOOL FOR EXCELLENCE,40.8340559,-73.8585428
BRONX CENTER FOR SCIENCE AND MATHEMATICS,40.8339721,-73.9027472
BRONX HIGH SCHOOL FOR PERFORMANCE AND STAGECRAFT,40.8358091,-73.8911153
VALIDUS PREPARATORY ACADEMY: AN EXPEDITIONARY LEAR,40.8394571,-73.9018947
BRONX LAB SCHOOL,40.8751674,-73.86158209999999
BRONX LATIN,40.8273874,-73.9005294
KINGSBRIDGE INTERNATIONAL HIGH SCHOOL,40.8702946,-73.8970188
BRONX STUDIO SCHOOL FOR WRITERS AND ARTISTS,40.8203983,-73.8929382
ACADEMY FOR SCHOLARSHIP AND ENTREPRENEURSHIP: A CO,40.8882379,-73.85261
EAST BRONX ACADEMY FOR THE FUTURE,40.8368388,-73.88767059999999
GLOBE SCHOOL FOR ENVIRONMENTAL RESEARCH,40.880634,-73.86015499999999
FREDERICK DOUGLASS ACADEMY V. MIDDLE SCHOOL,40.84871090000001,-73.8889123
HIGH SCHOOL OF COMPUTERS AND TECHNOLOGY,40.8751674,-73.86158209999999
LEADERSHIP INSTITUTE,40.8412417,-73.8984918
P.S. 277,40.8133771,-73.9138098
"P.S. 279 CAPTAIN MANUEL RIVERA, JR.",40.8547513,-73.90502359999999
P.S./M.S. 280 MOSHOLU PARKWAY,40.8771786,-73.8815462
"YOUNG WOMEN'S LEADERSHIP SCHOOL, BRONX CAMPUS",40.8150174,-73.8560177
BRONX SCHOOL OF LAW AND FINANCE,40.8776027,-73.9133334
FANNIE LOU HAMER MIDDLE SCHOOL,40.8313935,-73.8865838
THE FORWARD SCHOOL,40.880634,-73.86015499999999
COLLEGIATE INSTITUTE FOR MATH AND SCIENCE,40.8604584,-73.86029409999999
THE YOUNG SCHOLARS ACADEMY OF THE BRONX,40.880634,-73.86015499999999
BRONX ACADEMY OF HEALTH CAREERS,40.8751674,-73.86158209999999
P.S. 291,40.8591649,-73.90973319999999
RENAISSANCE HIGH SCHOOL OF MUSICAL THEATER & TECHN,40.8401731,-73.8393567
GATEWAY SCHOOL FOR ENVIRONMENTAL RESEARCH AND TECH,40.8214475,-73.8556542
SOUTH BRONX ACADEMY FOR APPLIED MEDIA,40.81890629999999,-73.9053333
MORRIS ACADEMY FOR COLLABORATIVE STUDIES,40.8273033,-73.9045097
ACADEMY OF PUBLIC RELATIONS,40.81890629999999,-73.9053333
ASTOR COLLEGIATE ACADEMY,40.8604584,-73.86029409999999
THE SCHOOL OF SCIENCE AND APPLIED LEARNING,40.8462396,-73.88738769999999
M.S. 301 PAUL L. DUNBAR,40.8223029,-73.9066864
M.S. 302 LUISA DESSUS CRUZ,40.815971,-73.9016858
I.S. X303 LEADERSHIP & COMMUNITY SERVICE,40.8494606,-73.9155291
P.S. 304 EARLY CHILDHOOD SCHOOL,40.8272139,-73.8292124
PABLO NERUDA ACADEMY FOR ARCHITECTURE AND WORLD ST,40.8214475,-73.8556542
P.S. 306,40.8513486,-73.91071219999999
P.S. X307 - EAMES PLACE,40.8691451,-73.9018361
BRONX DANCE ACADEMY SCHOOL,40.8853282,-73.8780582
SOUTH BRONX CHARTER SCHOOL FOR INT'L CULTURE & THE,40.810342,-73.92262649999999
P.S. 310 MARBLE HILL,40.8724811,-73.905299
MILLENNIUM ART ACADEMY,40.8214475,-73.8556542
I.S. 313 SCHOOL OF LEADERSHIP DEVELOPMENT,40.840589,-73.9045399
P.S. 315 LAB SCHOOL,40.8579691,-73.903757
KAPPA III,40.8456823,-73.88653219999999
"I.S. X318 MATH, SCIENCE & TECHNOLOGY THROUGH ARTS",40.8438503,-73.8900634
PROVIDING URBAN LEARNERS SUCCESS IN EDUCATION HIGH,40.8483469,-73.8935606
CROTONA ACADEMY HIGH SCHOOL,40.8165295,-73.9117606
ASPIRE PREPARATORY MIDDLE SCHOOL,40.86206019999999,-73.8645884
BRONX WRITING ACADEMY,40.8324496,-73.9139388
BRONX EARLY COLLEGE ACADEMY FOR TEACHING & LEARNIN,40.8281114,-73.9176612
URBAN SCIENCE ACADEMY,40.8277475,-73.91377279999999
BRONX GREEN MIDDLE SCHOOL,40.86206019999999,-73.8645884
COMPREHENSIVE MODEL SCHOOL PROJECT M.S. 327,40.8349726,-73.9003037
NEW MILLENNIUM BUSINESS ACADEMY MIDDLE SCHOOL,40.8277475,-73.91377279999999
DREAMYARD PREPARATORY SCHOOL,40.83965449999999,-73.911386
THE BRONX SCHOOL OF SCIENCE INQUIRY AND INVESTIGAT,40.8513486,-73.91071219999999
HOLCOMBE L. RUCKER SCHOOL OF COMMUNITY RESEARCH,40.8177584,-73.8978272
NEW SCHOOL #1 @ P.S. 60,40.820082,-73.8986467
INTERNATIONAL COMMUNITY HIGH SCHOOL,40.81020729999999,-73.9183901
NEW SCHOOL #2 @ P.S. 60,40.820082,-73.8986467
THE SCHOOL FOR INQUIRY AND SOCIAL JUSTICE,40.82488350000001,-73.8735173
I.S. 339,40.840589,-73.9045399
P.S. 340,40.8694289,-73.89716100000001
ACCION ACADEMY,40.8426051,-73.89091499999999
INTERNATIONAL SCHOOL FOR LIBERAL ARTS,40.8702946,-73.8970188
ACADEMY OF APPLIED MATHEMATICS AND TECHNOLOGY,40.81020729999999,-73.9183901
AMPARK NEIGHBORHOOD,40.8830219,-73.891672
HYDE LEADERSHIP CHARTER SCHOOL,40.8155936,-73.88523769999999
SOUTH BRONX CLASSICAL CHARTER SCHOOL,40.8220835,-73.8940382
THE VIDA BOGART SCHOOL FOR ALL CHILDREN,40.8155936,-73.88523769999999
P.S. 360,40.874718,-73.902209
ACADEMY FOR LANGUAGE AND TECHNOLOGY,40.8494606,-73.9155291
URBAN ASSEMBLY ACADEMY OF CIVIC ENGAGEMENT,40.8269968,-73.8182715
"ARCHIMEDES ACADEMY FOR MATH, SCIENCE AND TECHNOLOG",40.8150174,-73.8560177
IN-TECH ACADEMY (M.S. / HIGH SCHOOL 368),40.87956010000001,-73.9096739
YOUNG LEADERS ELEMENTARY SCHOOL,40.8092157,-73.9200317
SCHOOL OF DIPLOMACY,40.880634,-73.86015499999999
URBAN INSTITUTE OF MATHEMATICS,40.8269968,-73.8182715
THE BRONX MATHEMATICS PREPARATORY SCHOOL,40.8150174,-73.8560177
"ANTONIA PANTOJA PREPARATORY ACADEMY, A COLLEGE BOA",40.8214475,-73.8556542
BRONX COMMUNITY HIGH SCHOOL,40.8214475,-73.8556542
JILL CHAIFETZ TRANSFER HIGH SCHOOL,40.81890629999999,-73.9053333
"ELEMENTARY SCHOOL FOR MATH, SCIENCE, AND TECHNOLOG",40.85521070000001,-73.9032639
ENTRADA ACADEMY,40.8220835,-73.8940382
SCHOOL FOR ENVIRONMENTAL CITIZENSHIP,40.85521070000001,-73.9032639
PAN AMERICAN INTERNATIONAL HIGH SCHOOL AT MONROE,40.83212779999999,-73.87772149999999
M.S. 390,40.8543673,-73.9130236
THE ANGELO PATRI MIDDLE SCHOOL,40.8546548,-73.8970362
GREEN DOT NY CHARTER SCHOOL,40.8147024,-73.9120362
MOTT HAVEN ACADEMY CHARTER SCHOOL,40.8063065,-73.92086809999999
P.S. 396,40.8543673,-73.9130236
ENGLISH LANGUAGE LEARNERS AND INTERNATIONAL SUPPOR,40.8776027,-73.9133334
BRONX INTERNATIONAL HIGH SCHOOL,40.8273033,-73.9045097
SCHOOL FOR EXCELLENCE,40.8273033,-73.9045097
HERBERT H. LEHMAN HIGH SCHOOL,40.8401731,-73.8393567
BRONX CHARTER SCHOOL FOR CHILDREN,40.812627,-73.919908
BRONX HIGH SCHOOL OF BUSINESS,40.83965449999999,-73.911386
BRONX HIGH SCHOOL FOR MEDICAL SCIENCE,40.83965449999999,-73.911386
JONATHAN LEVIN HIGH SCHOOL FOR MEDIA AND COMMUNICA,40.83965449999999,-73.911386
CHRISTOPHER COLUMBUS HIGH SCHOOL,40.8604584,-73.86029409999999
BRONX HIGH SCHOOL FOR THE VISUAL ARTS,40.8517465,-73.8645056
THE HUNTS POINT SCHOOL,40.8155936,-73.88523769999999
COMMUNITY SCHOOL FOR SOCIAL JUSTICE,40.8158033,-73.9298282
HIGH SCHOOL FOR TEACHING AND THE PROFESSIONS,40.8702946,-73.8970188
BELMONT PREPARATORY HIGH SCHOOL,40.8595162,-73.8885805
FORDHAM HIGH SCHOOL FOR THE ARTS,40.8595162,-73.8885805
FORDHAM LEADERSHIP ACADEMY FOR BUSINESS AND TECHNO,40.8595162,-73.8885805
BRONX HIGH SCHOOL FOR LAW AND COMMUNITY SERVICE,40.8595162,-73.8885805
DEWITT CLINTON HIGH SCHOOL,40.8810884,-73.8875375
"CELIA CRUZ BRONX HIGH SCHOOL OF MUSIC, THE",40.8702946,-73.8970188
BRONX HIGH SCHOOL OF SCIENCE,40.87766209999999,-73.89105529999999
BRONX GUILD,40.8214475,-73.8556542
HARRY S. TRUMAN HIGH SCHOOL,40.8740855,-73.8320957
MOTT HAVEN VILLAGE PREPARATORY HIGH SCHOOL,40.8181294,-73.911476
JOHN F. KENNEDY HIGH SCHOOL,40.8776027,-73.9133334
MARBLE HILL HIGH SCHOOL FOR INTERNATIONAL STUDIES,40.8776027,-73.9133334
BRONX REGIONAL HIGH SCHOOL,40.8233601,-73.89829759999999
HOSTOS-LINCOLN ACADEMY OF SCIENCE,40.818304,-73.9277427
"BRONX SCHOOL FOR LAW, GOVERNMENT AND JUSTICE",40.827572,-73.9189269
NEW WORLD HIGH SCHOOL,40.8882379,-73.85261
SPORTS PROFESSIONS HIGH SCHOOL,40.8882379,-73.85261
FREDERICK DOUGLASS ACADEMY III SECONDARY SCHOOL,40.8337075,-73.9039366
FELISA RINCON DE GAUTIER INSTITUTE FOR LAW AND PUB,40.8211129,-73.88058219999999
FOREIGN LANGUAGE ACADEMY OF GLOBAL STUDIES,40.8109323,-73.9093063
BRONX LEADERSHIP ACADEMY HIGH SCHOOL,40.8433729,-73.9030014
BANANA KELLY HIGH SCHOOL,40.8177584,-73.8978272
SCHOOL FOR COMMUNITY RESEARCH AND LEARNING,40.8214475,-73.8556542
GLOBAL ENTERPRISE HIGH SCHOOL,40.8604584,-73.86029409999999
PELHAM PREPARATORY ACADEMY,40.8604584,-73.86029409999999
HIGH SCHOOL FOR VIOLIN AND DANCE,40.8273033,-73.9045097
HIGH SCHOOL FOR CONTEMPORARY ARTS,40.8751674,-73.86158209999999
BRONX AEROSPACE HIGH SCHOOL,40.8751674,-73.86158209999999
BRONX THEATRE HIGH SCHOOL,40.8776027,-73.9133334
DISCOVERY HIGH SCHOOL,40.8702946,-73.8970188
HIGH SCHOOL OF WORLD CULTURES,40.83212779999999,-73.87772149999999
BRONX ACADEMY OF LETTERS,40.81366,-73.92599899999999
HIGH SCHOOL X560 - BRONX ACADEMY HIGH SCHOOL,40.8211129,-73.88058219999999
ALFRED E. SMITH CAREER AND TECHNICAL EDUCATION HIG,40.8185183,-73.91996809999999
JANE ADDAMS HIGH SCHOOL FOR ACADEMIC CAREERS,40.82185070000001,-73.9028489
SAMUEL GOMPERS CAREER AND TECHNICAL EDUCATION HIGH,40.8105206,-73.9075854
GRACE DODGE CAREER AND TECHNICAL EDUCATION HIGH SC,40.8552306,-73.88245359999999
HEALTH OPPORTUNITIES HIGH SCHOOL,40.8158033,-73.9298282
FANNIE LOU HAMER FREEDOM HIGH SCHOOL,40.8310788,-73.8858401
WINGS ACADEMY,40.8414085,-73.8751735
MONROE ACADEMY FOR BUSINESS/LAW,40.83212779999999,-73.87772149999999
BRONX LITTLE SCHOOL,40.8382117,-73.8660262
MONROE ACADEMY FOR VISUAL ARTS & DESIGN,40.83212779999999,-73.87772149999999
HIGH SCHOOL OF AMERICAN STUDIES AT LEHMAN COLLEGE,40.8748282,-73.8952168
BRONX PREP CHARTER SCHOOL,40.8390461,-73.9001897
FAMILY LIFE ACADEMY CHARTER SCHOOL,40.8402768,-73.9186545
HARRIET TUBMAN CHARTER SCHOOL,40.83227249999999,-73.90581689999999
CARL C. ICAHN CHARTER SCHOOL,40.8391761,-73.9049824
BRONX CHARTER SCHOOL FOR BETTER LEARNING,40.884355,-73.839263
P.S. X721 - STEPHEN MCSWEENEY SCHOOL,40.8427479,-73.83889959999999
X723,40.88263999999999,-73.83224609999999
BRONX CHARTER SCHOOL FOR ARTS,40.821798,-73.88646299999999
J. M. RAPPORT SCHOOL CAREER DEVELOPMENT,40.8109323,-73.9093063
P.S. X811,40.8302019,-73.8874708
BROOKLYN ASCEND CHARTER SCHOOL,40.6620556,-73.9207031
P.S. 210 - 21ST CENTURY ACADEMY,40.8300086,-73.9446481
P.S. Q023 @ QUEENS CHILDREN CENTER,40.7458334,-73.7264836
THE ACTIVE LEARNING ELEMENTARY SCHOOL,40.75458039999999,-73.82617669999999
LEARNERS AND LEADERS,40.706955,-73.91495929999999
PIONEER ACADEMY,40.7493233,-73.86565709999999
NORTH QUEENS COMMUNITY HIGH SCHOOL,40.721581,-73.8157263
ACADEMY OF INNOVATIVE LEARNING,40.6337087,-74.078261
CORNERSTONE ACADEMY FOR SOCIAL ACTION,40.8830639,-73.83090849999999
"METROPOLITAN HIGH SCHOOL, THE",40.82771899999999,-73.8970008
PEACE AND DIVERSITY ACADEMY,40.82771899999999,-73.8970008
INTERNATIONAL LEADERSHIP CHARTER SCHOOL,40.8764368,-73.9057361
BRONX COMMUNITY CHARTER SCHOOL,40.85709500000001,-73.894637
BRONX ACADEMY OF PROMISE CHARTER SCHOOL,40.8346682,-73.9215591
P.S. 003 THE BEDFORD VILLAGE,40.6823068,-73.95524089999999
P.S. K004,40.6569712,-73.888674
P.S. 005 DR. RONALD MCNAIR,40.6856027,-73.9232122
P.S. 006,40.6489827,-73.9562456
P.S. 007 ABRAHAM LINCOLN,40.6895935,-73.8729894
P.S. 008 ROBERT FULTON,40.7007275,-73.9928047
P.S. 009 TEUNIS G. BERGEN,40.6785844,-73.9663398
"MAGNET SCHOOL OF MATH, SCIENCE AND DESIGN TECHNOLO",40.6608843,-73.9859403
P.S. 011 PURVIS J. BEHAN,40.6856228,-73.96585139999999
P.S. 012,40.6731183,-73.920067
P.S. 013 ROBERTO CLEMENTE,40.663549,-73.893709
J.H.S. 014 SHELL BANK,40.5935161,-73.93819309999999
P.S. 015 PATRICK F. DALY,40.677069,-74.0118509
P.S. 016 LEONARD DUNKLY,40.70591510000001,-73.9620676
P.S. 017 HENRY D. WOODWORTH,40.7152742,-73.95705699999999
P.S. 018 EDWARD BUSH,40.71062329999999,-73.9469156
P.S. 019 ROBERTO CLEMENTE,40.70998770000001,-73.9547556
P.S. 020 CLINTON HILL,40.691059,-73.9710157
P.S. 021 CRISPUS ATTUCKS,40.68044099999999,-73.92635
P.S. 022,40.6770354,-73.9600988
P.S. 023 CARTER C. WOODSON,40.6941556,-73.9477904
P.S. 024,40.6528183,-74.0044959
P.S. 025 EUBIE BLAKE SCHOOL,40.6914765,-73.940691
P.S. 026 JESSE OWENS,40.6919312,-73.93176989999999
P.S. 028 THE WARREN PREP ACADEMY,40.6781614,-73.9202186
P.S. 029 JOHN M. HARRIGAN,40.6869349,-73.99771009999999
I.S. 30 MARY WHITE OVINGTON,40.6337518,-74.0230907
P.S. 031 SAMUEL F. DUPONT,40.726835,-73.954117
P.S. 032 SAMUELS MILLS SPROLE,40.6804309,-73.99170409999999
P.S. 034 OLIVER H. PERRY,40.7263917,-73.94983979999999
M.S. 035 STEPHEN DECATUR,40.6817075,-73.9357224
P.S. K036,40.6604402,-73.887249
P.S. 038 THE PACIFIC,40.6849644,-73.9828242
P.S. 039 HENRY BRISTOW,40.6686657,-73.9829124
P.S. 040 GEORGE W. CARVER,40.6802016,-73.9214653
P.S. 041 FRANCIS WHITE,40.660182,-73.9068734
P.S. 044 MARCUS GARVEY,40.6862075,-73.9409238
P.S. 045 HORACE E. GREENE,40.68665840000001,-73.910178
P.S. 046 EDWARD C. BLUM,40.6944248,-73.9716268
P.S. 048 MAPLETON,40.6215553,-73.987279
J.H.S. 050 JOHN D. WELLS,40.7118634,-73.96004889999999
M.S. 51 WILLIAM ALEXANDER,40.6721797,-73.9846247
P.S. 052 SHEEPSHEAD BAY,40.5874041,-73.9402515
P.S. K053,40.665006,-73.89070600000001
P.S. 054 SAMUEL C. BARNES,40.6926969,-73.952501
P.S. 056 LEWIS H. LATIMER,40.6843355,-73.96054869999999
J.H.S. 057 WHITELAW REID,40.6913962,-73.9331397
P.S. 058 THE CARROLL,40.6804297,-73.99566010000001
P.S. 059 WILLIAM FLOYD,40.6977036,-73.94334239999999
M.S. 061 GLADSTONE H. ATWELL,40.6636762,-73.94903409999999
J.H.S. 062 DITMAS,40.6385738,-73.9712399
P.S. 065 - THE LITTLE RED SCHOOL HOUSE,40.6869015,-73.8782758
P.S. 66,40.64864619999999,-73.90685069999999
P.S. 067 CHARLES A. DORSEY,40.6951434,-73.9778888
I.S. 068 ISAAC BILDERSEE,40.6352197,-73.9109125
P.S. 69 VINCENT D. GRIPPO SCHOOL,40.6323903,-74.0096372
JUAN MOREL CAMPOS SECONDARY SCHOOL,40.703878,-73.95347199999999
P.S. 073 THOMAS S. BOYLAND,40.6802624,-73.9111503
P.S. 075 MAYDA CORTIELLA,40.693254,-73.92132099999999
P.S. K077,40.67871299999999,-73.9768163
J.H.S. 078 ROY H. MANN,40.6207672,-73.91298809999999
P.S. 081 THADDEUS STEVENS,40.6929267,-73.93479529999999
P.S. 084 JOSE DE DIEGO,40.7149339,-73.963439
P.S. 086 THE IRVINGTON,40.7007483,-73.91766009999999
J.H.S. 088 PETER ROUGET,40.6604938,-73.9883002
P.S. 90 EDNA COHEN SCHOOL,40.5781983,-73.98015050000001
P.S. 091 THE ALBANY AVENUE SCHOOL,40.6617922,-73.9404619
P.S. 092 ADRIAN HEGEMAN,40.6562705,-73.95414559999999
P.S. 093 WILLIAM H. PRESCOTT,40.6789073,-73.94650039999999
P.S. 094 THE HENRY LONGFELLOW,40.6436734,-74.00871459999999
INTERNATIONAL HIGH SCHOOL,40.5936235,-73.9861442
PAN AMERICAN INTERNATIONAL HIGH SCHOOL,40.743204,-73.871482
THE SCIENCE AND MEDICINE MIDDLE SCHOOL,40.6474167,-73.89176599999999
SUNSET PARK HIGH SCHOOL,40.6555267,-74.00438280000002
EAST BROOKLYN COMMUNITY HIGH SCHOOL,40.6474167,-73.89176599999999
"CITY POLYTECHNIC HIGH SCHOOL OF ENGINEERING, ARCHI",40.6949227,-73.9859038
RED HOOK NEIGHBORHOOD SCHOOL,40.6778469,-74.00481789999999
EAST NEW YORK ELEMENTARY SCHOOL OF EXCELLENCE,40.6695679,-73.8791893
EAST NEW YORK MIDDLE SCHOOL OF EXCELLENCE,40.6695679,-73.8791893
THE ACADEMY OF TALENTED SCHOLARS,40.6070076,-73.9868516
"THE SCHOOL FOR CLASSICS: AN ACADEMY OF THINKERS, W",40.6700636,-73.8745557
THE BROOKLYN SCHOOL OF INQUIRY,40.6070076,-73.9868516
THE BROOKLYN ACADEMY OF GLOBAL FINANCE,40.6913962,-73.9331397
FORT GREENE PREPARATORY ACADEMY,40.6944248,-73.9716268
PS 151,40.7779236,-73.9473156
MANHATTAN BUSINESS ACADEMY,40.74336780000001,-74.00254749999999
THE BUSINESS OF SPORTS SCHOOL,40.76399929999999,-73.9908346
EMMA LAZARUS HIGH SCHOOL,40.7162131,-73.9935545
SPRUCE STREET SCHOOL,40.7110565,-74.0053612
THE HIGH SCHOOL FOR LANGUAGE AND DIPLOMACY,40.7353237,-73.98708119999999
THE URBAN ASSEMBLY SCHOOL FOR GREEN CAREERS,40.7859536,-73.97407249999999
THE GLOBAL LEARNING COLLABORATIVE,40.7859536,-73.97407249999999
INNOVATION DIPLOMA PLUS,40.7859536,-73.97407249999999
GLOBAL TECHNOLOGY PREPARATORY,40.8006309,-73.9393226
THE URBAN ASSEMBLY INSTITUTE FOR NEW TECHNOLOGIES,40.8157451,-73.9556001
WEST PREP ACADEMY,40.79909,-73.9653593
QUEST TO LEARN,40.74336780000001,-74.00254749999999
WATERSIDE CHILDREN'S STUDIO SCHOOL,40.5809065,-73.8313599
WATERSIDE SCHOOL FOR LEADERSHIP,40.5809065,-73.8313599
VILLAGE ACADEMY,40.6039506,-73.7498677
STATEN ISLAND SCHOOL OF CIVIC LEADERSHIP,40.620326,-74.164432
THE FAMILY SCHOOL,40.8320329,-73.91751909999999
CRESTON ACADEMY,40.85521070000001,-73.9032639
SOUNDVIEW ACADEMY FOR CULTURE AND SCHOLARSHIP,40.8233189,-73.8600615
GRANT AVENUE ELEMENTARY SCHOOL,40.8281114,-73.9176612
SCIENCE AND TECHNOLOGY ACADEMY: A MOTT HALL SCHOOL,40.8281114,-73.9176612
SHERIDAN ACADEMY FOR YOUNG LEADERS,40.8320329,-73.91751909999999
EAST FORDHAM ACADEMY FOR THE ARTS,40.85950589999999,-73.90047489999999
CORNERSTONE ACADEMY FOR SOCIAL ACTION MIDDLE SCHOO,40.8830639,-73.83090849999999
URBAN SCHOLARS COMMUNITY SCHOOL,40.8287148,-73.9004516
MOTT HALL COMMUNITY SCHOOL,40.8269968,-73.8182715
PELHAM ACADEMY OF ACADEMICS AND COMMUNITY ENGAGEME,40.86206019999999,-73.8645884
THE CINEMA SCHOOL,40.8316935,-73.8774638
BRONX CAREER AND COLLEGE PREPARATORY HIGH SCHOOL,40.8273874,-73.9005294
"NYC CHARTER HIGH SCHOOL FOR ARCHITECTURE, ENGINEER",40.8116438,-73.9249013
QUEENS METROPOLITAN HIGH SCHOOL,40.7088482,-73.8558219
HUDSON HIGH SCHOOL OF LEARNING TECHNOLOGIES,40.74336780000001,-74.00254749999999
INTERNATIONAL HIGH SCHOOL AT UNION SQUARE,40.7353237,-73.98708119999999
FRANK McCOURT HIGH SCHOOL,40.7859536,-73.97407249999999
P.S. 452,40.7810814,-73.97808460000002
BRONX BRIDGES HIGH SCHOOL,40.8214475,-73.8556542
ACADEMY FOR PERSONAL LEADERSHIP AND EXCELLENCE,40.85950589999999,-73.90047489999999
VAN NEST ACADEMY,40.8450308,-73.8579757
SATELLITE ACADEMY HS AT BRONX REGIONAL HS,40.8233601,-73.89829759999999
P.S. 770 NEW AMERICAN ACADEMY,40.6639656,-73.92785769999999
P.S. 264 BAY RIDGE ELEMENTARY SCHOOL FOR THE ARTS,40.6204309,-74.0286615
P.S. 310,40.6395048,-74.0202915
P.S. 748 BROOKLYN SCHOOL FOR GLOBAL SCHOLARS,40.6069424,-74.0073269
P.S. 971,40.6395048,-74.0202915
MOTT HALL BRIDGES MIDDLE SCHOOL,40.6662469,-73.9112701
P.S. 290,40.7285961,-73.8932957
P.S. 330,40.7358509,-73.87871299999999
P.S. 273,40.69352430000001,-73.844578
ROCKAWAY PARK HIGH SCHOOL FOR ENVIRONMENTAL SUSTAINABILITY,40.5863283,-73.8234859
METROPOLITAN EXPEDITIONARY LEARNING SCHOOL,40.7088482,-73.8558219
HILLSIDE ARTS & LETTERS ACADEMY,40.7142206,-73.7980266
HIGH SCHOOL FOR COMMUNITY LEADERSHIP,40.7142206,-73.7980266
SATELLITE ACADEMY HS AT JAMAICA LEARNING CENTER,40.7082839,-73.79955799999999
EAGLE ACADEMY FOR YOUNG MEN III,40.6818878,-73.7530444
P.S. 280,40.7538212,-73.8739373
P.S. 74  FUTURE LEADERS ELEMENTARY SCHOOL,40.6388374,-74.07949430000001
P.S. 267,40.770203,-73.95072990000001
SATELLITE ACADEMY HS AT FORSYTHE STREET,40.7224143,-73.9904913
MURRAY HILL ACADEMY,40.7464334,-73.9810279
New Hope Academy Charter School,40.6437274,-73.9222564
New York French American Charter School,40.8075388,-73.9542266
"Victory Schools, DBA The Charter School of Excelle",40.9442654,-73.8967028
The Academy Charter School,40.7055784,-73.633292
The Rochdale Early Advantage Charter School,40.6797435,-73.7781802
John W. Lavelle Preparatory Charter School,40.620326,-74.164432
Summit Academy Charter School,40.6778469,-74.00481789999999
Brooklyn Prospect Charter School,40.6555267,-74.00438280000002
Coney Island Preparatory Public Charter School,40.5824103,-73.9724355
Special Music School,40.7752206,-73.9829968
Lefferts Garden Charter School,40.6562705,-73.95414559999999
Fahari Academy Charter School,40.64836469999999,-73.9534334
Explore Empower Charter School,40.672706,-73.9289299
The Ethical Community Charter School (TECCS),40.6974361,-73.94785399999999
Believe Northside Charter High School,40.71976919999999,-73.9479681
Believe Southside Charter High School,40.71976919999999,-73.9479681
Harlem Success Academy Charter School 5,40.820192,-73.9444568
Hebrew Language Academy Charter School,40.6185194,-73.9420121
Growing Up Green Charter School,40.752755,-73.9360926
The Equity Project Charter School (TEP),40.8562127,-73.92655429999999
Excellence Girls Charter School,40.6881193,-73.9244409
Brownsville Ascend Charter School,40.6620556,-73.9207031
Bronx Success Academy Charter School 1,40.8090647,-73.9175195
Academic Leadership Charter School,40.8077306,-73.9127678
Bronx Success Academy Charter School 2,40.8251247,-73.90592
Leadership Preparatory Brownsville Charter School,40.6669338,-73.9076104
Brownsville Collegiate Charter School,40.66863499999999,-73.9050857
Girls Preparatory Charter School of the Bronx,40.815971,-73.9016858
Carl C. Icahn Charter School 4,40.8316935,-73.8774638
Brooklyn Scholars Charter School,40.6694549,-73.8672984
The Equality Charter School,40.8641361,-73.8239598
P.S. Q256,40.5942684,-73.7612427
FRANK SINATRA SCHOOL OF THE ARTS HIGH SCHOOL,40.7561132,-73.9251542
EAST SIDE MIDDLE SCHOOL,40.7806455,-73.94754429999999
P.S. M721 - MANHATTAN OCCUPATIONAL TRAINING CENTER,40.7291044,-74.00628549999999
P.S. 206 HORACE HARDING,40.734236,-73.86054109999999
GREENWICH VILLAGE,40.7054423,-74.01288819999999
ROSS GLOBAL ACADEMY CHARTER SCHOOL,40.7291532,-73.982474
DEMOCRACY PREP CHARTER SCHOOL,40.8144119,-73.94512209999999
BATTERY PARK CITY SCHOOL,40.70656290000001,-74.0175278
P.S. 113 ISAAC CHAUNCEY,40.7052426,-73.8619353
P.S. 022 THOMAS JEFFERSON,40.761748,-73.811379
P.S. 140 EDWARD K ELLINGTON,40.68748000000001,-73.781249
ACHIEVEMENT FIRST BUSHWICK CHARTER SCHOOL,40.6976382,-73.91953389999999
KIPP ACADEMY CHARTER SCHOOL,40.8197643,-73.9572398
HIGH SCHOOL M560 - CITY AS SCHOOL,40.7291091,-74.0060997
P.S. 160 WILLIAM T. SAMPSON,40.6369354,-73.999073
HARLEM SUCCESS ACADEMY 4 CHARTER SCHOOL,40.80165059999999,-73.9552947
COMMUNITY HEALTH ACADEMY OF THE HEIGHTS,40.848973,-73.9311058
M.S. 243 CENTER SCHOOL,40.785101,-73.9738667
MCCOWN EXPEDITIONARY LEARNING SCHOOL,40.581969,-74.15935999999999
MARSH AVENUE SCHOOL FOR EXPEDITIONARY LEARNING,40.581969,-74.15935999999999
CSI HIGH SCHOOL FOR INTERNATIONAL STUDIES,40.581969,-74.15935999999999
BARD HIGH SCHOOL EARLY COLLEGE II,40.7445464,-73.93692039999999
P.S. 228 EARLY CHILDHOOD MAGNET SCHOOL OF THE ARTS,40.756927,-73.874905
PS/MS  194,40.8352361,-73.8465466
COALITION SCHOOL FOR SOCIAL CHANGE,40.7993154,-73.9339517
"HIGH SCHOOL FOR MATHEMATICS, SCIENCE AND ENGINEERI",40.8213947,-73.9488459
GEORGE WESTINGHOUSE CAREER AND TECHNICAL EDUCATION,40.6949227,-73.9859038
JONAS BRONCK ACADEMY,40.8613069,-73.8912841
J.H.S. 080 THE MOSHOLU PARKWAY,40.8768232,-73.8812403
PENINSULA PREPARATORY ACADEMY CHARTER SCHOOL,40.5804309,-73.8328576
NEW YORK HARBOR SCHOOL,40.6909512,-74.0202401
BRONX LEADERSHIP ACADEMY II HIGH SCHOOL,40.8225734,-73.9235453
UNIVERSITY HEIGHTS SECONDARY SCHOOL AT BRONX COMMU,40.8181294,-73.911476
KNOWLEDGE AND POWER PREPARATORY ACADEMY INTERNATIO,40.8595162,-73.8885805
MANHATTAN ACADEMY FOR ARTS & LANGUAGE,40.7464334,-73.9810279
ACADEMY FOR HEALTH CAREERS,40.6753807,-73.939165
KIPP S.T.A.R. COLLEGE PREPARATORY,40.8106401,-73.9558474
CAMBRIA HEIGHTS ACADEMY,40.7119481,-73.77093099999999
EAGLE ACADEMY FOR YOUNG MEN,40.845324,-73.89739229999999
P.S. 163 BATH BEACH,40.6065941,-74.0076122
P.S. 056 NORWOOD HEIGHTS,40.875481,-73.874889
QUEENS GATEWAY TO HEALTH SCIENCES SECONDARY SCHOOL,40.71855,-73.80599099999999
YORK EARLY COLLEGE ACADEMY,40.6971478,-73.7866095
WASHINGTON HEIGHTS ACADEMY,40.8655733,-73.9216022
HAMILTON HEIGHTS SCHOOL,40.8264766,-73.9474577
CARL C. ICAHN SOUTH BRONX CHARTER SCHOOL,40.846749,-73.9182919
P.S. 089 CYPRESS HILLS,40.6777766,-73.8866986
HIGH SCHOOL FOR EXCELLENCE AND INNOVATION,40.8659143,-73.925157
BARUCH COLLEGE CAMPUS HIGH SCHOOL,40.74187430000001,-73.9858507
URBAN ASSEMBLY SCHOOL FOR CAREERS IN SPORTS,40.8225734,-73.9235453
PERFORMANCE SCHOOL,40.8230091,-73.9228399
BRONX GLOBAL LEARNING INSTITUTE FOR GIRLS CHARTER,40.8230091,-73.9228399
NEW EXPLORERS HIGH SCHOOL,40.8225734,-73.9235453
BRONX HAVEN HIGH SCHOOL,40.8185183,-73.91996809999999
URBAN ASSEMBLY SCHOOL FOR WILDLIFE CONSERVATION,40.8438837,-73.88431650000001
CARL C. ICAHN BRONX NORTH CHARTER SCHOOL,40.8450308,-73.8579757
EMOLIOR ACADEMY,40.8391826,-73.8802804
HARLEM SUCCESS ACADEMY 2 CHARTER SCHOOL,40.8057191,-73.9353352
P.S. 030 HERNANDEZ/HUGHES,40.8057191,-73.9353352
P.S. 138,40.8057191,-73.9353352
HARBOR HEIGHTS,40.8456199,-73.9397377
P.S. 133 WILLIAM A. BUTLER,40.67101660000001,-73.9877222
BAYCHESTER ACADEMY,40.8809605,-73.8396424
MOTT HALL V,40.8316935,-73.8774638
Hyde Leadership Charter School- Brooklyn,40.6678169,-73.898173
Achievement First Apollo Elementary Charter School,40.6769819,-73.8838383
Leadership Preparatory Ocean Hill Charter School,40.6723332,-73.9062254
Ocean Hill Collegiate Charter School,40.678113,-73.91521089999999
Brooklyn East Collegiate Charter School,40.6785844,-73.9663398
Bedford Stuyvesant New Beginnings Charter School,40.6946812,-73.9377423
Imagine Me Leadership Charter School,40.66006489999999,-73.88349649999999
Brooklyn Dreams Charter School,40.6321442,-73.96981720000001
The Cultural Arts Academy at Spring Creek Charter,40.6541349,-73.908199
Bushwick Ascend Charter School,40.69368619999999,-73.90902969999999
Renaissance Charter High School for Innovation,40.78502659999999,-73.9420076
Inwood Academy for Leadership Charter School,40.8600515,-73.9276015
Challenge Preparatory Charter School,40.5913486,-73.7861886
Riverton Street Charter School,40.6893477,-73.7635406
Staten Island Community Charter School,40.6302377,-74.0811428
Metropolitan Lighthouse Charter School,40.822513,-73.87725499999999
Dr. Izquierdo Health and Science Charter School,40.8273874,-73.9005294
New World Preparatory Charter School,40.6395174,-74.1370707
Kingsbridge Innovative Design Charter School (KIDC),40.880947,-73.9079129
Democracy Preparatory Harlem Charter School,40.814949,-73.94580789999999
Jamaica Gateway to the Sciences,40.7142206,-73.7980266
Rockaway Collegiate High School,40.5863283,-73.8234859
Bronxdale High School,40.8604584,-73.86029409999999
High School for Language and Innovation,40.8604584,-73.86029409999999
Bronx Design and Construction Academy,40.8185183,-73.91996809999999
The Metropolitan Soundview High School,40.83212779999999,-73.87772149999999
Pathways in Technology Early College High School (P-Tech),40.6753807,-73.939165
Brooklyn Frontiers High School,40.6899893,-73.9892204
Bronx Arena High School,40.8211129,-73.88058219999999
Bronx Envision Academy,40.8358091,-73.8911153
Crotona International High School,40.8552306,-73.88245359999999
Baychester Middle School,40.8860434,-73.8405764
One World Middle School at Edenwald,40.8860434,-73.8405764
Archer Elementary School,40.8382117,-73.8660262
PS 536,40.8382117,-73.8660262
Urban Assembly Gateway School for Technology,40.76399929999999,-73.9908346
New Design Middle School,40.8197643,-73.9572398
Teachers College Community School,40.809663,-73.9391478
Maspeth High School,40.7292615,-73.8872856
Collaborative Arts Middle School,40.6648583,-73.7590877
Community Voices Middle School,40.6648583,-73.7590877
PS 354,40.6797874,-73.7740177
Brooklyn School for Math and Research,40.6968124,-73.9117231
Millennium High School,40.6693022,-73.97867029999999
Christopher Avenue Community School,40.6723332,-73.9062254
The Fresh Creek School,40.6540103,-73.894627
Brooklyn Success Academy Charter School 1,40.69672569999999,-73.9473094
Explore Excel Charter School,40.6425436,-73.90803040000002
Invictus Preparatory Charter School,40.6700636,-73.8745557
Teaching Firms of America-Professional Preparatory Charter Sc,40.6884471,-73.9352955
East Harlem Scholars Academy Charter School,40.793747,-73.9485723
Broome Street Academy Charter High School,40.7240859,-74.00526459999999
Upper West Success Academy Charter School,40.7859536,-73.97407249999999
Innovate Manhattan Charter School,40.71339529999999,-74.00554559999999
Democracy Preparatory 3 Charter School,40.8132983,-73.93782809999999
Academy of the City Charter School,40.7605458,-73.9393429
Icahn Charter School 5,40.85663539999999,-73.84304209999999
The New Visions Charter High School for Advanced Math and Sci,40.8776027,-73.9133334
The New Visions Charter High School for the Humanities,40.8776027,-73.9133334
New York City Montessori Charter School,40.8131485,-73.9195211
